,Event ID,Title,Event Type,Severity,Description,Source,Date
0,000,"European summer heatwave, 2003",Heat,More severe or more likely to occur,"""We estimate it is very likely (confidence level >90%) that human influence has at least doubled the risk of a heatwave exceeding this threshold magnitude.""",https://www.nature.com/nature/journal/v432/n7017/full/nature03089.html,2003
1,001,"Global temperature extremes, since 1950",Heat,More severe or more likely to occur,"""Comparing these observations with climate model simulations in an optimal detection analysis shows a significant human influence on patterns of change in extremely warm nights.""",https://agupubs.onlinelibrary.wiley.com/doi/full/10.1029/2005GL023885,1950
2,002,"Record warm autumn in Europe, 2006",Heat,More severe or more likely to occur,"""Global warming has made a warm autumn like the one observed in 2006 much more likely by shifting the temperature distribution to higher values.""",http://www.clim-past.net/3/659/2007/cp-3-659-2007.html,2006
3,003,"Increasing frequency of 'very warm' northern hemisphere summers, 1860-2009",Heat,More severe or more likely to occur,"""We detect the dominant influence of anthropogenic factors on observed warming in almost every region, which has led to a rapidly increasing risk of hot summers.""",https://agupubs.onlinelibrary.wiley.com/doi/full/10.1029/2007JD008914,1860-2009
4,004,"Moscow summer heatwave, 2010",Heat,More severe or more likely to occur,"""For July temperature in Moscow, we estimate...an approximate 80% probability that the 2010 July heat record would not have occurred without climate warming.""",http://www.pnas.org/content/108/44/17905.abstract,2010
5,005,"Global warm nights, 1950-2003",Heat,More severe or more likely to occur,"""A large part of the observed global-scale trend in TN90 results from the trend in mean temperature, which has been attributed largely to anthropogenic greenhouse gas increase. This suggests that the detected global‐scale trends in the number of warm nights are at least partly anthropogenic.""",https://agupubs.onlinelibrary.wiley.com/doi/full/10.1029/2011GL048531,1950-2003
6,006,"Global 'extremely warm' daytime temperatures, 1950-99",Heat,More severe or more likely to occur,"""Anthropogenic forcings alter the regional distributions, indicating that extremely warm days have become hotter.""",https://journals.ametsoc.org/doi/10.1175/2011JCLI4150.1,1950-99
7,007,"Africa 'anomalously warm' seasonal temperatures, 1961-2008",Heat,More severe or more likely to occur,"""In the June-August and September-November seasons, many of the sub‐continental regions of Africa and Asia show robust attributable increase in the frequencies of anomalously warm seasonal temperatures.""",https://rmets.onlinelibrary.wiley.com/doi/full/10.1002/asl.315,1961-2008
8,007,"Asia 'anomalously warm' seasonal temperatures, 1961-2008",Heat,More severe or more likely to occur,"""In the June-August and September-November seasons, many of the sub‐continental regions of Africa and Asia show robust attributable increase in the frequencies of anomalously warm seasonal temperatures.""",https://rmets.onlinelibrary.wiley.com/doi/full/10.1002/asl.315,1961-2008
9,008,"Global daily temperature extremes, 1961-2000",Heat,More severe or more likely to occur,"""Therefore, it is concluded that the influence of anthropogenic forcing has had a detectable influence on extreme temperatures that have impacts on human society and natural systems at global and regional scales.""",https://journals.ametsoc.org/doi/full/10.1175/2010JCLI3908.1,1961-2000
10,009,"Russia summer heatwave, 2010",Heat,No discernible human influence,"""Analysis of forced model simulations indicates that neither human influences nor other slowly evolving ocean boundary conditions contributed substantially to the magnitude of this heat wave.""",https://www.esrl.noaa.gov/psd/people/tao.zhang/2010GL046582.pdf,2010
11,010,"Hurricanes Ivan & Katrina, 2004-05",Rain & flooding,More severe or more likely to occur,"""The environmental changes related to human influences on climate since 1970 have increased SSTs and water vapor, and the results suggest how this may have altered hurricanes and increased associated storm rainfalls, with the latter quantified to date to be of order 6 to 8%""",https://agupubs.onlinelibrary.wiley.com/doi/full/10.1029/2006JD008303,2004-05
12,011,"England autumn-winter floods, 2000",Rain & flooding,More severe or more likely to occur,"""For all but one catchment, emissions are likely to have led to an increased chance of flooding in the October–December period.""",http://www.sciencedirect.com/science/article/pii/S0022169411004033,2000
13,012,"England & Wales autumn floods, 2000",Rain & flooding,More severe or more likely to occur,"""In nine out of 10 cases, our model results indicate that twentieth-century anthropogenic greenhouse gas emissions increased the risk of floods occurring in England and Wales in autumn 2000 by more than 20%, and in two out of three cases by more than 90%""",https://www.nature.com/nature/journal/v470/n7334/full/nature09762.html,2000
14,013,"Northern hemisphere daily rainfall extremes, 1951–2003",Rain & flooding,More severe or more likely to occur,"""Here we show that human-induced increases in greenhouse gases have contributed to the observed intensification of heavy precipitation events found over approximately two-thirds of data-covered parts of Northern Hemisphere land areas.""",https://www.nature.com/articles/nature09763,1951
15,014,"Atlantic tropical cyclone activity, 1870-2004",Storm,More severe or more likely to occur,"""This article presents results indicating that anthropogenic factors are likely responsible for long‐term trends in tropical Atlantic warmth and tropical cyclone activity.""",https://agupubs.onlinelibrary.wiley.com/doi/abs/10.1029/2006EO240001,1870-2004
16,015,"Russia summer heatwave, 2010",Heat,More severe or more likely to occur,"""Here we use the results from a large ensemble simulation experiment with an atmospheric general circulation model to show that…the same event can be both mostly internally‐generated in terms of magnitude and mostly externally‐driven in terms of occurrence‐probability.""",http://onlinelibrary.wiley.com/doi/10.1029/2011GL050422/abstract,2010
17,016,"England warm November, 2011",Heat,More severe or more likely to occur,"""The warm November of 2011…corresponds to a return period of 20 years in the 2000s, but a return period of 1250 years in the 1960s, an approximately 62 times increase in occurrence.""",http://journals.ametsoc.org/doi/full/10.1175/BAMS-D-12-00021.1,2011
18,017,"Remarkable' European temperatures, 2011",Heat,Insufficient data/inconclusive,"""High interannual correlations between observed and analog temperatures confirm that the North Atlantic dynamics remains the main driver of European temperature variability, especially in wintertime.""",http://journals.ametsoc.org/doi/full/10.1175/BAMS-D-12-00021.1,2011
19,018,"East Africa drought, 2011",Drought,No discernible human influence,"""It is interesting to note that while SST-driven simulations of the 2011 March–May (MAM) season clearly show the important role played by the warm western Pacific (Lyon and DeWitt 2012), and while the new CMIP5 SSTs exhibit substantial warming during the 1990s and 2000s, these increasing SSTs do not appear to produce corresponding large changes in evaporation or rainfall over eastern Africa.""",http://journals.ametsoc.org/doi/full/10.1175/BAMS-D-12-00021.1,2011
20,019,"Texas drought, 2011",Drought,Insufficient data/inconclusive,"""While we can provide evidence that the risk of hot and dry conditions has increased, we cannot say that the 2011 Texas drought and heat wave was ""extremely unlikely"" (in any absolute sense) to have occurred before this recent warming.""",http://journals.ametsoc.org/doi/full/10.1175/BAMS-D-12-00021.1,2011
21,020,"Thailand floods, 2011",Rain & flooding,No discernible human influence,"""Neither in the precipitation observations nor in climate models is there a trend in mean or variability up to now, so climate change cannot be shown to have played any role in this event.""",http://journals.ametsoc.org/doi/full/10.1175/BAMS-D-12-00021.1,2011
22,021,"US flooding, 1882-2008",Rain & flooding,No discernible human influence,"""In none of the four regions defined in this study [where the contiguoug US is divided into four] is there strong statistical evidence for flood magnitudes increasing with increasing GMCO2 [global mean CO2 concentration].""",https://www.tandfonline.com/doi/full/10.1080/02626667.2011.621895,1882-2008
23,022,UK cold winter of 2010-11,"Cold, snow & ice","Decrease, less severe or less likely to occur","""Yet while the odds of such an event have lengthened as a result of human influence on climate, such unlikely events can still happen, as the winter of 2010/11 demonstrated.""",http://journals.ametsoc.org/doi/full/10.1175/BAMS-D-12-00021.1,2010-11
24,023,"England cold December, 2010","Cold, snow & ice","Decrease, less severe or less likely to occur","""Therefore, a cold December of –0.7°C is half as likely to occur in the 2000s when compared to the 1960s.""",http://journals.ametsoc.org/doi/full/10.1175/BAMS-D-12-00021.1,2010
25,024,"US July heat, 2012",Heat,More severe or more likely to occur,"""Our analyses of the CMIP5 global climate model ensemble suggest that the likelihood of extreme July temperature anomalies is greater in the current forcing than in the preindustrial forcing.""",http://journals.ametsoc.org/doi/pdf/10.1175/BAMS-D-13-00085.1,2012
26,025,"Spring 'warm anomaly' in eastern US, 2012",Heat,More severe or more likely to occur,"""The anthropogenic contribution to the extreme seasonal (MAM) warmth over the eastern United States can be estimated as about 35%, or in terms of risk, anthropogenic forcing leads to a factor of 12 increase in the risk of such an event according to our calculations.""",http://journals.ametsoc.org/doi/pdf/10.1175/BAMS-D-13-00085.1,2012
27,026,"Australia record summer temperatures, 2013",Heat,More severe or more likely to occur,"""It was very likely (>90% confidence) there was at least a 2.5 times increase in the odds of extreme heat due to human influences using simulations to 2005, and a fivefold increase in this risk using simulations for 2006–2020.""",http://onlinelibrary.wiley.com/doi/10.1002/grl.50673/abstract,2013
28,027,"Global warm/extreme events, 2011-12",Heat,More severe or more likely to occur,"""In more than half of the 10 cases considered here anthropogenic influence results in warm events being 3 times more likely and extreme events 5 times more likely during September 2011–August 2012.""",https://journals.ametsoc.org/doi/10.1175/JCLI-D-13-00563.1,2011-12
29,028,"Global warm/cold days/nights, 1951-2000",Heat,More severe or more likely to occur,"""The anthropogenic signal is detected in global and northern continental means of all four indices, albeit less robustly for TXx, which is consistent with previous findings.""",https://journals.ametsoc.org/doi/full/10.1175/JCLI-D-12-00551.1,1951-2000
30,029,US heatwaves of spring/summer 2012,Heat,Insufficient data/inconclusive,"""The contribution of potential changes in circulation to the recent long-term warming in the United States, therefore, requires further research.""",http://journals.ametsoc.org/doi/pdf/10.1175/BAMS-D-13-00085.1,2012
31,030,"South Amazon drought, 2010",Drought,More severe or more likely to occur,"""It seemed that both human influences and the sea surface temperature (SST) natural variability increased probabilities of the 2010 severe drought in the South Amazon region.""",https://rmets.onlinelibrary.wiley.com/doi/full/10.1002/asl2.435,2010
32,031,"Iberian Peninsula record winter drought, 2011-12",Drought,More severe or more likely to occur,"""Overall these results agree with previous ones by Hoerling et al. (2012b), who found a tendency toward a drier Mediterranean for the period 1970–2010 in comparison with 1901–70, and that such a trend has been partially driven by the anthropogenic emissions of greenhouse gases and aerosols, although modulated by the NAO phase.""",http://journals.ametsoc.org/doi/pdf/10.1175/BAMS-D-13-00085.1,2011-12
33,032,"East Africa drought, 2011",Drought,More severe or more likely to occur,"""Human influence was found to increase the probability of long rains as dry as, or drier than, 2011""",http://onlinelibrary.wiley.com/doi/10.1002/grl.50235/abstract,2011
34,033,"Texas drought/heatwave, 2011",Drought,No discernible human influence,"""Quantitative attribution of the overall human-induced contribution since preindustrial times is complicated by the lack of a detected century-scale temperature trend over Texas.""",http://journals.ametsoc.org/doi/abs/10.1175/JCLI-D-12-00270.1,2011
35,034,"Severe Great Plains drought, May-July 2012",Drought,No discernible human influence,"""It is concluded that the extreme Great Plains drought did not require extreme external forcings and could plausibly have arisen from atmospheric noise alone.""",http://onlinelibrary.wiley.com/doi/10.1002/grl.50657/abstract,2012
36,035,"Central US low rainfall, 2012",Drought,No discernible human influence,"""The implication is that human alteration of the atmospheric composition may have had little effect on the frequency of low-precipitation periods.""",https://journals.ametsoc.org/doi/pdf/10.1175/BAMS-D-13-00085.1,2012
37,036,"Congo Basin dry season low rainfall extremes, 1960s-2000s",Drought,No discernible human influence,"""There are no significant changes in the risk of low precipitation extremes during this dry season (JJA) precipitation in the Congo Basin. Results for the December, January, February dry season are less clear.""",https://royalsocietypublishing.org/doi/10.1098/rstb.2012.0299#d19177742e1,
38,037,"Eastern Kenya & southern Somalia rainfall deficits, 2012",Drought,Insufficient data/inconclusive,"""The results indicate that non-ENSO SST variations substantially increased the risk of a dry event in 2012...It is worth noting, however, that the procedure used here does not necessarily indicate an anthropogenic attribution.""",http://journals.ametsoc.org/doi/pdf/10.1175/BAMS-D-13-00085.1,2012
39,038,"Wet north European summer, 2012",Rain & flooding,More severe or more likely to occur,"""This suggests a contribution of climate change to precipitation rate in northern Europe. We conjecture that such a trend could be due to precipitation rates within the cyclonic patterns, which convey more moisture because of increased temperatures.""",http://journals.ametsoc.org/doi/pdf/10.1175/BAMS-D-13-00085.1,2012
40,039,"New Zealand extreme rainfall, December 2011",Rain & flooding,More severe or more likely to occur,"""This analysis indicates that the total moisture available for precipitation in the Golden Bay/Nelson extreme rainfall event of December 2011 was 1%–5% higher as a result of the emission of anthropogenic greenhouse gases.""",http://journals.ametsoc.org/doi/pdf/10.1175/BAMS-D-13-00085.1,2011
41,040,"Northern Hemisphere 1-day & 5-day rainfall totals, 1951-2005",Rain & flooding,More severe or more likely to occur,"""We estimate that human influence has intensified annual maximum 1 day precipitation in sampled Northern Hemisphere locations by 3.3% [1.1% to 5.8%, >90% confidence interval] on average.""",https://agupubs.onlinelibrary.wiley.com/doi/full/10.1002/grl.51010,1951-2005
42,041,"Northwestern Europe wet summers, 2007-12",Rain & flooding,No discernible human influence,"""We find no evidence that declines in sea ice can explain these recent wet summers, with the expected response to changes in sea ice since the late 1980s being small.""",http://journals.ametsoc.org/doi/pdf/10.1175/BAMS-D-13-00085.1,2007-12
43,042,"UK summer high rainfall, 2012",Rain & flooding,No discernible human influence,"""Although the summer UK rainfall in 2012 was unusually large, the model distributions studied suggest that any anthropogenic influence on these patterns was minimal.""",http://journals.ametsoc.org/doi/pdf/10.1175/BAMS-D-13-00085.0,2012
44,043,"South-western Japan heavy rainfall, 2012",Rain & flooding,No discernible human influence,"""In the case of the 2012 event, the effect of anthropogenic global warming is too small to be detected compared with the variability due to the natural variability of the SST.""",http://journals.ametsoc.org/doi/pdf/10.1175/BAMS-D-13-00085.1,2012
45,044,"South-east Australia extreme rainfall, 2011-12",Rain & flooding,No discernible human influence,"""In summary, we detect limited evidence of a change in the relationship between ENSO and SE Australia extreme rainfall, or of a change in extreme rainfall itself, that may be attributed to anthropogenic climate change.""",http://journals.ametsoc.org/doi/pdf/10.1175/BAMS-D-13-00085.1,2011-12
46,045,"Eastern Australia heavy rainfall, 2012",Rain & flooding,No discernible human influence,"""Despite the potential contribution of all factors examined here, the extreme magnitude of the event appears to arise mainly from unforced internal climatic variations.""",http://journals.ametsoc.org/doi/pdf/10.1175/BAMS-D-13-00085.2,2012
47,046,"North China floods, 2012",Rain & flooding,Insufficient data/inconclusive,"""We are unable to confirm or reject the role of climate change in the 21–22 July 2012 rainfall event due to the inability of the CMIP5 models to accurately replicate observations in this region of China.""",http://journals.ametsoc.org/doi/pdf/10.1175/BAMS-D-13-00085.1,2012
48,047,"Arctic sea ice record summer low, 2012","Cold, snow & ice","Decrease, less severe or less likely to occur","""Our modeling results indicate that the exceptional 2012 sea ice loss was primarily due to the sea ice memory and to the positive feedback of the warm atmospheric conditions, both contributing approximately equally.""",http://journals.ametsoc.org/doi/pdf/10.1175/BAMS-D-13-00085.1,2012
49,048,"Arctic sea ice record summer low, 2012","Cold, snow & ice","Decrease, less severe or less likely to occur","""The observed 2012 record low in ASIE is extremely unlikely to have occurred due to internal climate variability alone, according to the models.""",http://journals.ametsoc.org/doi/pdf/10.1175/BAMS-D-13-00085.1,2012
50,049,"European cold spell, February 2012","Cold, snow & ice",Insufficient data/inconclusive,"""Snowfall on the thin ice that had just formed is shown to limit the ice growth more strongly than the effect of warming.""",http://journals.ametsoc.org/doi/pdf/10.1175/BAMS-D-13-00085.1,2012
51,050,"Hurricane Sandy, 2012",Storm,More severe or more likely to occur,"""Accordingly, we estimate that relative sea level over 1950–2012 from global SLR (thermal expansion and ice melt), VLM (subsidence), and ocean circulation variability has contributed to a one- to two-thirds decrease in Sandy-level event recurrences.""",http://journals.ametsoc.org/doi/pdf/10.1175/BAMS-D-13-00085.1,2012
52,051,"Hurricane Katrina, 2005",Storm,More severe or more likely to occur,"""Surge simulations suggest that flood elevations would have been 15 to 60 % lower c. 1900 than the conditions observed in 2005. This drastic change suggests that significantly more flood damage occurred in 2005 than would have occurred if sea level and climate conditions had been like those c. 1900.""",https://link.springer.com/article/10.1007/s10584-013-1011-1,2005
53,052,"Global tropical cyclone activity, 1975-2010",Storm,Insufficient data/inconclusive,"""We find no anthropogenic signal in annual global tropical cyclone or hurricane frequencies. But a strong signal is found in proportions of both weaker and stronger hurricanes: the proportion of Category 4 and 5 hurricanes has increased at a rate of ~25–30 % per C of global warming after accounting for analysis and observing system changes.""",https://link.springer.com/article/10.1007/s00382-013-1713-0,1975-2010
54,053,Extreme European summer of 2012,Oceans,More severe or more likely to occur,"""The degree of decadal variability in these features suggests a role for forcing from outside the dynamical atmosphere, and preliminary numerical experiments suggest that the global SST and low Arctic sea ice extent anomalies are likely to have played a role.""",http://journals.ametsoc.org/doi/pdf/10.1175/BAMS-D-13-00085.1,2012
55,054,"Heat-related mortality in Sweden, 1980-2009",Impact,More severe or more likely to occur,"""Mortality from heat extremes in 1980–2009 was double what would have occurred without climate change""",https://www.nature.com/articles/nclimate2022,1980-2009
56,055,"Australia & tropical Pacific warm anomalies, 2013",Heat,More severe or more likely to occur,"""CMIP5 simulations suggest that the extremely warm year observed over Australia and the far western Pacific during 2013 was largely attributable to human forcing of the climate system.""",http://journals.ametsoc.org/doi/pdf/10.1175/1520-0477-95.9.S1.1,2013
57,056,"Australia record temperatures, 2013",Heat,More severe or more likely to occur,"""Anthropogenic climate change has caused a very large increase in the likelihood of extreme events such as the record Australia-wide average temperatures in September, spring, and the 2013 calendar year.""",http://journals.ametsoc.org/doi/pdf/10.1175/1520-0477-95.9.S1.1,2013
58,057,"Australia hot summer, 2012-13",Heat,More severe or more likely to occur,"""Human activity has increased the risk of experiencing the hot Australian summer of 2012/13, as measured by simulated heat wave frequency and intensity, by two- and three-fold, respectively.""",http://journals.ametsoc.org/doi/pdf/10.1175/1520-0477-95.9.S1.1,2012-13
59,058,"Australia record hot September, 2013",Heat,More severe or more likely to occur,"""Record high September maximum temperatures over Australia arose from a combination of a strongly anomalous atmospheric circulation pattern, background warming, and dry and warm antecedent land-surface conditions.""",http://journals.ametsoc.org/doi/pdf/10.1175/1520-0477-95.9.S1.1,2013
60,059,"South Korea summer heatwave, 2013",Heat,More severe or more likely to occur,"""A comparison of observations and multiple global climate model simulations indicates that extreme hot summer temperatures in Korea have become 10 times more likely due to human influence.""",http://journals.ametsoc.org/doi/pdf/10.1175/1520-0477-95.9.S1.1,2013
61,060,"Japan heatwave, 2013",Heat,More severe or more likely to occur,"""Anthropogenic climate change played a significant role in increasing the probability of events such as the heat wave in Japan in 2013.""",http://journals.ametsoc.org/doi/pdf/10.1175/1520-0477-95.9.S1.1,2013
62,061,"Central eastern China hot summer, 2013",Heat,More severe or more likely to occur,"""Comparison based on Coupled Model Intercomparison Project Phase 5 (CMIP5) models suggest a discernible impact of anthropogenic forcing, with internal variability also being important.""",http://journals.ametsoc.org/doi/pdf/10.1175/1520-0477-95.9.S1.1,2013
63,062,Eastern Australia record heat,Heat,More severe or more likely to occur,"""The record heat of 2013 across inland eastern Australia was caused by a combination of anthropogenic warming and extreme drought.""",http://journals.ametsoc.org/doi/pdf/10.1175/1520-0477-95.9.S1.1,
64,063,"Eastern China record hot summer, 2013",Heat,More severe or more likely to occur,"""We estimate that anthropogenic influence has caused a more than 60-fold increase in the likelihood of the extreme warm 2013 summer since the early 1950s.""",https://www.nature.com/articles/nclimate2410,2013
65,064,"South-western US summer heatwave, 2013",Heat,More severe or more likely to occur,"""It was suggested that both the anthropogenic warming and an atmospheric circulation regime related to the natural variability of SST and SIC made the heat wave event more likely.""",https://www.jstage.jst.go.jp/article/sola/10/0/10_2014-025/_article,2013
66,065,"Northern hemisphere hot summers, 1949–2011",Heat,More severe or more likely to occur,"""In addition, direct influence of anthropogenic forcing also contributes to increasing the frequency since the late 20th century.""",https://agupubs.onlinelibrary.wiley.com/doi/full/10.1002/2014GL061062,1949
67,Rapid study.  066,"Europe warmest year, 2014",Heat,More severe or more likely to occur,"""The KNMI and Melbourne teams found that the odds of average temperatures across Europe reaching this year’s record-setting levels were increased by at least 35 to 80 times due to human influence on our climate.  The team at the University of Oxford found that…global warming had increased the odds of a year as hot as the one just experienced in most of continental Europe by at least a factor of 10.""",https://www.worldweatherattribution.org/european-heat-2014/,2014
68,067,"Global temperature extremes, 1960-2010",Heat,More severe or more likely to occur,"""We demonstrate that the probability distribution of observed local trends across the globe for the period 1960–2010 is clearly different to what would be expected from internal variability. We detect a distinct intensification of heavy precipitation events and hot extremes.""",https://agupubs.onlinelibrary.wiley.com/doi/full/10.1002/2013GL058499,1960-2010
69,068,"California drought, 2013-14",Drought,More severe or more likely to occur,"""There is a traceable anthropogenic warming footprint in the enormous intensity of the anomalous ridge during winter 2013–2014 and the associated drought.""",http://onlinelibrary.wiley.com/doi/10.1002/2014GL059748/abstract,2013-14
70,069,"Australian 'Millennium Drought', mid-1990s to late 2000s",Drought,More severe or more likely to occur,"""Although climate models generally suggest that Australia’s Millennium Drought was mostly due to multidecadal variability, some late-twentieth-century changes in climate modes that influence regional rainfall are partially attributable to anthropogenic greenhouse warming.""",http://journals.ametsoc.org/doi/abs/10.1175/JCLI-D-13-00322.1,
71,070,"California drought, 2013-14",Drought,More severe or more likely to occur,"""California’s driest 12-month period on record occurred during 2013/14, and although global warming has very likely increased the probability of certain large-scale atmospheric conditions, implications for extremely low precipitation in California remain uncertain.""",http://journals.ametsoc.org/doi/pdf/10.1175/1520-0477-95.9.S1.1,2013-14
72,071,"New Zealand drought, 2013",Drought,More severe or more likely to occur,"""For the 2013 New Zealand drought, evidence from a number of models suggests that the meteorological drivers were more favorable for drought as a result of anthropogenic climate change.""",http://journals.ametsoc.org/doi/pdf/10.1175/1520-0477-95.9.S1.1,2013
73,072,"California extreme dry conditions, early 2013",Drought,No discernible human influence,"""The 2013 SST anomalies produced a predilection for California drought, whereas the long-term warming trend appears to make no appreciable contribution because of the counteraction between its dynamical and thermodynamic effects.""",http://journals.ametsoc.org/doi/pdf/10.1175/1520-0477-95.9.S1.1,2013
74,073,California droughts of 2012-13 & 2013-14,Drought,No discernible human influence,"""Long-term SST warming trends did not contribute substantially to the 2012/13 and 2013/14 California droughts. North Pacific SSTs were exceptionally warm, however, and coupled models indicate more frequent extreme precipitation.""",http://journals.ametsoc.org/doi/pdf/10.1175/1520-0477-95.9.S1.1,2012-13
75,067,"Global 'dry spell length', 1960-2010",Drought,Insufficient data/inconclusive,"""The observations indicate a weak tendency toward shorter dry spell length. However, in contrast to the intensification of heavy precipitation, models suggest that in this case the area with observational data availability is not representative for the total land area, for which the models simulate no discernible change.""",https://agupubs.onlinelibrary.wiley.com/doi/full/10.1002/2013GL058499,1960-2010
76,074,"Northern India severe rainfall, June 2013",Rain & flooding,More severe or more likely to occur,"""Cumulative precipitation in northern India in June 2013 was a century-scale event, and evidence for increased probability in the present climate compared to the preindustrial climate is equivocal.""",http://journals.ametsoc.org/doi/pdf/10.1175/1520-0477-95.9.S1.1,2013
77,075,"US rainfall extremes, 2013",Rain & flooding,More severe or more likely to occur,"""The Coupled Model Intercomparison Project phase 5 model analyses suggest that seasonal and annual mean precipitation extremes occurring during 2013 in north-central and eastern U.S. regions, while primarily attributable to intrinsic variability, were also partly attributable to anthropogenic and natural forcings combined.""",http://journals.ametsoc.org/doi/pdf/10.1175/1520-0477-95.9.S1.1,2013
78,067,"Global heavy rainfall extremes, 1960-2010",Rain & flooding,More severe or more likely to occur,"""We demonstrate that the probability distribution of observed local trends across the globe for the period 1960–2010 is clearly different to what would be expected from internal variability. We detect a distinct intensification of heavy precipitation events and hot extremes.""",https://agupubs.onlinelibrary.wiley.com/doi/full/10.1002/2013GL058499,1960-2010
79,076,"Okavango basin floods, 2009-11",Rain & flooding,"Decrease, less severe or less likely to occur","""Anthropogenic climate change has reduced probability of high floods in the Okavango. Reduction is due to increased evaporation; rainfall changes are minor.""",https://www.sciencedirect.com/science/article/pii/S0022169414000778,2009-11
80,077,"North-east Colorado rainfall extremes, September 2013",Rain & flooding,"Decrease, less severe or less likely to occur","""The probability for an extreme five-day September rainfall event over northeast Colorado, as was observed in early September 2013, has likely decreased due to climate change.""",http://journals.ametsoc.org/doi/pdf/10.1175/1520-0477-95.9.S1.1,2013
81,078,"Upper Danube & Elbe heavy rainfall, May-June 2013",Rain & flooding,No discernible human influence,"""An observation-based analysis and large simulation ensembles show no evidence that climate change made heavy precipitation in the upper Danube and Elbe basins in May–June, such as observed in 2013, more likely.""",http://journals.ametsoc.org/doi/pdf/10.1175/1520-0477-95.9.S1.1,2013
82,079,"Southern Europe wet winter, 2013",Rain & flooding,Insufficient data/inconclusive,"""Winter 2013 was the second wettest since 1948 in southern Europe. This is partially explained by the atmospheric circulation. We suspect the warm Atlantic Ocean to have amplified the precipitation extreme.""",http://journals.ametsoc.org/doi/pdf/10.1175/1520-0477-95.9.S1.1,2013
83,080,"UK cold spring, 2013","Cold, snow & ice","Decrease, less severe or less likely to occur","""Anthropogenic climate change reduced the odds of an extremely cold UK spring in 2013 at least 30 times, as estimated from ensembles of simulations with and without human influences.""",http://journals.ametsoc.org/doi/pdf/10.1175/1520-0477-95.9.S1.1,2013
84,081,"Spanish Pyrenees extreme snow accumulation, spring 2013","Cold, snow & ice",No discernible human influence,"""Natural climatic variability was apparently the main driver in the extreme cumulative snowfall that fell in the Pyrenees in 2013.""",http://journals.ametsoc.org/doi/pdf/10.1175/1520-0477-95.9.S1.1,2013
85,082,"South Dakota blizzard, October 2013","Cold, snow & ice",Insufficient data/inconclusive,"""An early October blizzard in South Dakota is determined to be climatologically anomalous. Climate models suggest that early autumn extreme snowfall events in western South Dakota are less likely due to anthropogenic climate change.""",http://journals.ametsoc.org/doi/pdf/10.1175/1520-0477-95.9.S1.1,2013
86,083,"Violent' storm in northern Germany & Denmark, October 2013",Storm,No discernible human influence,"""A strong storm on 28 October 2013 over northern Germany and southern Denmark fits a slight increase in storminess during recent decades. However, the increase constitutes part of multidecadal variability.""",http://journals.ametsoc.org/doi/pdf/10.1175/1520-0477-95.9.S1.1,2013
87,084,"Western Europe hot & dry summer, 2013",Compound,More severe or more likely to occur,"""Anthropogenic forcing played a substantial part in western Europe’s hot, dry summer in 2013. North Atlantic sea surface temperatures were likely a factor in the large contrast with summer 2012.""",http://journals.ametsoc.org/doi/pdf/10.1175/1520-0477-95.9.S1.1,2013
88,085,"Argentina heatwave, December 2013",Heat,More severe or more likely to occur,"""The Argentinian heat wave of December 2013 was likely caused in part by anthropogenic forcings. These forcings have increased the risk of such an event occurring by a factor of five.""",http://journals.ametsoc.org/doi/pdf/10.1175/BAMS-ExplainingExtremeEvents2014.1,2013
89,086,"Record warmth over Europe, 2014",Heat,More severe or more likely to occur,"""According to CMIP5 models, the risk of record annual mean warmth in European, north-east Pacific, and north-west Atlantic regions – as occurred in 2014 – has been greatly increased by anthropogenic climate change.""",http://journals.ametsoc.org/doi/pdf/10.1175/BAMS-ExplainingExtremeEvents2014.1,2014
90,087,"South Korea record hot spring, 2014",Heat,More severe or more likely to occur,"""A comparison of observations and multiple global climate model simulations indicates that extreme hot summer temperatures in Korea have become 10 times more likely due to human influence.""",http://journals.ametsoc.org/doi/pdf/10.1175/BAMS-ExplainingExtremeEvents2014.1,2014
91,088,"Northern China hot spring, 2014",Heat,More severe or more likely to occur,"""Anthropogenic forcing may have contributed to an 11-fold increase in the chance of the 2014 hot spring in northern China""",http://journals.ametsoc.org/doi/pdf/10.1175/BAMS-ExplainingExtremeEvents2014.1,2014
92,089,"Brisbane heat event, November 2014",Heat,More severe or more likely to occur,"""Climate model simulations for 2014 indicate anthropogenic climate change very likely increased the likelihood of hot and very hot November days in Brisbane by at least 25% and 44% respectively.""",http://journals.ametsoc.org/doi/pdf/10.1175/BAMS-ExplainingExtremeEvents2014.1,2014
93,090,"Adelaide heatwave, January 2014",Heat,More severe or more likely to occur,"""Anthropogenic climate change very likely increased the likelihood of prolonged heat waves like that experienced in Adelaide in January 2014 by at least 16%.""",http://journals.ametsoc.org/doi/pdf/10.1175/BAMS-ExplainingExtremeEvents2014.1,2014
94,091,"Australia high temperatures, spring 2014",Heat,More severe or more likely to occur,"""The record warm Australian spring of 2014 would likely not have occurred without increases in CO2 over the last 50 years working in concert with an upper-level wave train.""",http://journals.ametsoc.org/doi/pdf/10.1175/BAMS-ExplainingExtremeEvents2014.1,2014
95,092,"Australia heatwave, May 2014",Heat,More severe or more likely to occur,"""Anthropogenic activity has increased the risk of Australian heatwaves during late autumn similar to the 2014 event by up to 23-fold, compared to climate conditions under no anthropogenic influence.""",http://journals.ametsoc.org/doi/pdf/10.1175/BAMS-ExplainingExtremeEvents2014.1,2014
96,093,"Record high central England temperature, 2014",Heat,More severe or more likely to occur,"""With 90% confidence we find that anthropogenic forcings on the climate have increased the chances of record warm years in Central England by at least 13-fold.""",http://iopscience.iop.org/article/10.1088/1748-9326/10/5/054002,2014
97,094,"Exceptionally warm' Texas summer, 2011",Heat,More severe or more likely to occur,"""The likelihood of a given unusually high summer temperature being exceeded was simulated to be about 10 times greater due to anthropogenic emissions.""",http://onlinelibrary.wiley.com/doi/10.1002/2014GL062683/abstract,2011
98,095,"Global heat extremes, 1901-2005",Heat,More severe or more likely to occur,"""About 18% of the moderate daily precipitation extremes over land are attributable to the observed temperature increase since pre-industrial times...About 75% of the moderate daily hot extremes over land are attributable to warming.""",http://www.nature.com/nclimate/journal/v5/n6/full/nclimate2617.html,1901-2005
99,Rapid study.  096,"Record global temperature, 2015",Heat,More severe or more likely to occur,"""Of that 1.05C temperature departure from pre-industrial [recorded in 2015], roughly 1.0C is due to the anthropogenic forcing, about 0.05C (0.09F) to 0.1C (0.18F) is due to El Niño and about 0.02C (0.04F) is due to higher solar activity. """,https://www.worldweatherattribution.org/record-hot-year-2015/,2015
100,Rapid study.  097,"Europe heatwave, July 2015 (Netherlands)",Heat,More severe or more likely to occur,"""Climate change has made the observed heat wave almost 2 times more likely to occur. This means that what would have been a 1-in-7 year event in the world without climate change is now a 1-in-4 year event.""",https://www.worldweatherattribution.org/european-heat-wave-july-2015/,2015
101,Rapid study.  097,"Europe heatwave, July 2015 (Spain)",Heat,More severe or more likely to occur,"""Climate change has made the observed heat wave 5 times more likely to occur. In other words, what was once a 1-in-100 year event in the world without climate change, is now a 1-in-20 year event.""",https://www.worldweatherattribution.org/european-heat-wave-july-2015/,2015
102,Rapid study.  097,"Europe heatwave, July 2015 (Germany)",Heat,More severe or more likely to occur,"""Climate change made the observed heat wave almost 4 times more likely to occur. Or, what was a 1-in-130 year event in a world without climate change is now a 1-in-36 year event.""",https://www.worldweatherattribution.org/european-heat-wave-july-2015/,2015
103,Rapid study.  097,"Europe heatwave, July 2015 (France)",Heat,More severe or more likely to occur,"""Climate change has made the observed heat wave 35% more likely to occur. Or, what is a 1-in-2.6 year event now would have been a 1-in-3.5 year event in the world without climate change.""",https://www.worldweatherattribution.org/european-heat-wave-july-2015/,2015
104,Rapid study.  097,"Europe heatwave, July 2015 (Switzerland)",Heat,More severe or more likely to occur,"""Climate change has made the observed heat wave about 3 times more likely to occur. What would have been a 1-in-40 year event in a world without climate change is now a 1-in-15 year event.""",https://www.worldweatherattribution.org/european-heat-wave-july-2015/,2015
105,090,"Melbourne heatwave, January 2014",Heat,Insufficient data/inconclusive,"""Anthropogenic climate change very likely increased the likelihood of prolonged heat waves like that experienced in Adelaide in January 2014 by at least 16%. The influence for Melbourne is less clear.""",http://journals.ametsoc.org/doi/pdf/10.1175/BAMS-ExplainingExtremeEvents2014.1,2014
106,098,"Southern Levant drought, 2014",Drought,More severe or more likely to occur,"""A combined modeling and observational study suggests that the persistent rainfall deficit during the 2014 rainy season in southern Levant was made more likely due to anthropogenic climate change.""",http://journals.ametsoc.org/doi/pdf/10.1175/BAMS-ExplainingExtremeEvents2014.1,2014
107,099,"East Africa spring drought, 2014",Drought,More severe or more likely to occur,"""Anthropogenic warming contributed to the 2014 East African drought by increasing East African and west Pacific temperatures, and increasing the gradient between standardized western and central Pacific SST causing reduced rainfall, evapotranspiration, and soil moisture.""",http://journals.ametsoc.org/doi/pdf/10.1175/BAMS-ExplainingExtremeEvents2014.1,2014
108,100,"Horn of Africa drought, 2014",Drought,More severe or more likely to occur,"""Ensemble modelling of the East African 2014 long rains season suggests no anthropogenic influence on the likelihood of low rainfall but clear signals in other drivers of drought.""",http://journals.ametsoc.org/doi/pdf/10.1175/BAMS-ExplainingExtremeEvents2014.1,2014
109,101,"California drought, 2014",Drought,More severe or more likely to occur,"""This study shows that although low precipitation was the main driver of the WY 2014 drought conditions in California, temperature played an important role in exacerbating the drought.""",http://onlinelibrary.wiley.com/doi/10.1002/2015GL063666/full,2014
110,102,"California drought, 2012-14",Drought,More severe or more likely to occur,"""We therefore conclude that anthropogenic warming is increasing the probability of co-occurring warm–dry conditions like those that have created the acute human and ecosystem impacts associated with the 'exceptional' 2012–2014 drought in California.""",http://www.pnas.org/content/112/13/3931.abstract,2012-14
111,103,"California drought, 2011-14",Drought,More severe or more likely to occur,"""[A] long-term warming trend likely contributed to surface moisture deficits during the drought. As such, the precipitation deficit during the drought was dominated by natural variability.""",http://journals.ametsoc.org/doi/abs/10.1175/JCLI-D-14-00860.1,2011-14
112,104,"Southern Africa 'unusually' dry summer, 2002-03",Drought,More severe or more likely to occur,"""Over Southern Africa, we show that unusually dry austral summers as occurred during 2002/2003 have become more likely…due to anthropogenic climate change.""",http://www.sciencedirect.com/science/article/pii/S2212094715300086?via%3Dihub,2002-03
113,105,"California drought, 2012-14",Drought,More severe or more likely to occur,"""Although natural variability dominates, anthropogenic warming has substantially increased the overall likelihood of extreme California droughts.""",https://agupubs.onlinelibrary.wiley.com/doi/full/10.1002/2015GL064924,2012-14
114,106,"California drought, 2011-14",Drought,"Decrease, less severe or less likely to occur","""The results thus indicate that the net effect of climate change has made agricultural drought less likely and that the current severe impacts of drought on California’s agriculture have not been substantially caused by long-term climate changes.""",http://journals.ametsoc.org/doi/abs/10.1175/JCLI-D-15-0260.1,2011-14
115,Rapid study.  107,"Ethiopia drought, 2015",Drought,No discernible human influence,"The study ""found that El Niño made this rare drought even drier in the Kiremt season…No influence of climate change could be found, with the spread of possible trends ranging from drought being 40% less to four times more probable.""",https://www.worldweatherattribution.org/ethiopia-drought-2015/,2015
116,108,"South-east Brazil water shortage, 2014-15",Drought,No discernible human influence,"""Southeast Brazil experienced profound water shortages in 2014/15. Anthropogenic climate change is not found to be a major influence on the hazard, whereas increasing population and water consumption increased vulnerability.""",http://journals.ametsoc.org/doi/pdf/10.1175/BAMS-ExplainingExtremeEvents2014.1,2014-15
117,109,"Singapore record dry spell, 2014",Drought,No discernible human influence,"""The record dry spell over Singapore–Malaysia was caused by the southward contraction of the intertropical convergence zone. Within present evidence, there is no clear attribution to climate change.""",http://journals.ametsoc.org/doi/pdf/10.1175/BAMS-ExplainingExtremeEvents2014.1,2014
118,110,"Middle East & south-west Asia winter drought, 2013-14",Drought,Insufficient data/inconclusive,"""Of three identified proximate drought factors, climate change does not appear important for two. The third factor, western Pacific SSTs, exhibits a strong warming trend but attribution is an open question.""",http://journals.ametsoc.org/doi/pdf/10.1175/BAMS-ExplainingExtremeEvents2014.1,2013-14
119,111,"North-east Asia hot & dry summer, 2014",Drought,Insufficient data/inconclusive,"""Northeast Asia experienced a severe drought in summer 2014. Sea surface temperature forcing may have increased the risk of low precipitation, but model biases preclude reliable attribution to anthropogenic forcing.""",http://journals.ametsoc.org/doi/pdf/10.1175/BAMS-ExplainingExtremeEvents2014.1,2014
120,112,"South-east Canada floods, 2014",Rain & flooding,More severe or more likely to occur,"""The collective effects of anthropogenic climate change and artificial pond drainage may have played an important role in producing the extreme flood that occurred during early summer 2014 on the southeastern Canadian Prairies.""",http://journals.ametsoc.org/doi/pdf/10.1175/BAMS-ExplainingExtremeEvents2014.1,2014
121,113,"Southern Great Plains floods, May 2015",Rain & flooding,More severe or more likely to occur,"""Anthropogenic global warming contributed to the physical processes that caused the persistent precipitation in May 2015.""",https://agupubs.onlinelibrary.wiley.com/doi/full/10.1002/2015GL065211,2015
122,114,"Global increase in record rainfall events, 1981-2010",Rain & flooding,More severe or more likely to occur,"""Our results suggest that whilst the number of rainfall record-breaking events can be related to natural multi-decadal variability over the period from 1901 to 1980, observed record-breaking rainfall events significantly increased afterwards consistent with rising temperatures.""",https://link.springer.com/article/10.1007%2Fs10584-015-1434-y,1981-2010
123,undefined,"Global rainfall extremes, 1901-2005",Rain & flooding,More severe or more likely to occur,"""We show that at the present-day warming of 0.85C about 18% of the moderate daily precipitation extremes over land are attributable to the observed temperature increase since pre-industrial times, which in turn primarily results from human influence""",https://www.nature.com/articles/nclimate2617,1901-2005
124,115,"New Zealand extreme rainfall, July 2014",Rain & flooding,More severe or more likely to occur,"""The risk of an extreme 5-day July rainfall event over Northland, New Zealand, such as was observed in early July 2014, has likely increased due to anthropogenic influence on climate.""",http://journals.ametsoc.org/doi/pdf/10.1175/BAMS-ExplainingExtremeEvents2014.1,2014
125,104,"Southern Africa 'unusually' wet summer, 1999-2000",Rain & flooding,"Decrease, less severe or less likely to occur","""Over Southern Africa, we show that…unusually wet austral summers like that of 1999/2000 have become less likely due to anthropogenic climate change.""",http://www.sciencedirect.com/science/article/pii/S2212094715300086?via%3Dihub,1999-2000
126,116,"UK extreme winter rainfall, 2013-14",Rain & flooding,Insufficient data/inconclusive,"""Extreme winter rainfall in the United Kingdom becomes eight times more likely when the atmospheric circulation resembles winter 2013/14, whereas anthropogenic influence is only discernible in extremes with a shorter duration.""",http://journals.ametsoc.org/doi/pdf/10.1175/BAMS-ExplainingExtremeEvents2014.1,2013-14
127,117,"Cévennes mountains extreme rainfall, autumn 2014",Rain & flooding,Insufficient data/inconclusive,"""Extreme daily fall precipitation in the Cévennes mountains has very likely intensified. The probability of amounts witnessed in 2014 is estimated to have tripled since 1950, with large uncertainties.""",http://journals.ametsoc.org/doi/pdf/10.1175/BAMS-ExplainingExtremeEvents2014.1,2014
128,118,"Jakarta floods, January 2014",Rain & flooding,Insufficient data/inconclusive,"""The January 2014 floods paralyzed nearly all of Jakarta, Indonesia. The precipitation events that lead to these floods were not very unusual but show positive trends in the observed record.""",http://journals.ametsoc.org/doi/pdf/10.1175/BAMS-ExplainingExtremeEvents2014.1,2014
129,119,"Midwest US cold winter, 2013-14","Cold, snow & ice","Decrease, less severe or less likely to occur","""The frigid 2013/14 Midwestern winter was 20–100 times less likely than in the 1880s due to long-term warming, while winter temperature variability has shown little long-term change.""",http://journals.ametsoc.org/doi/pdf/10.1175/BAMS-ExplainingExtremeEvents2014.1,2013-14
130,120,"Eastern US cold winter, 2014","Cold, snow & ice",No discernible human influence,"""The near-record number of extremely cold days during winter 2014 in the eastern United States cannot be attributed to trends or variability changes. Daily temperature variability is actually decreasing, in contrast to CMIP5 simulations and projections.""",http://journals.ametsoc.org/doi/pdf/10.1175/BAMS-ExplainingExtremeEvents2014.1,2014
131,121,"Record high Antarctic sea ice extent, 2014","Cold, snow & ice",Insufficient data/inconclusive,"""The record maximum of Antarctic sea ice resulted chiefly from anomalous winds that transported cold air masses away from the Antarctic continent, enhancing thermodynamic sea ice production far offshore.""",http://journals.ametsoc.org/doi/pdf/10.1175/BAMS-ExplainingExtremeEvents2014.1,2014
132,122,"Himalayan snowstorm, 2014",Storm,More severe or more likely to occur,"""The Himalayan snowstorm of October 2014 resulted from the unusual merger of a tropical cyclone with an upper trough, and their collective changes under climate warming have increased the odds for similar events.""",http://journals.ametsoc.org/doi/pdf/10.1175/BAMS-ExplainingExtremeEvents2014.1,2014
133,123,"Extremely active' Hawaiian hurricane season, 2014",Storm,More severe or more likely to occur,"""New climate simulations suggest that the extremely active 2014 Hawaiian hurricane season was made substantially more likely by anthropogenic forcing, but that natural variability of El Niño was also partially involved.""",http://journals.ametsoc.org/doi/pdf/10.1175/BAMS-ExplainingExtremeEvents2014.1,2014
134,124,"UK extreme storm season, winter 2013-14",Storm,No discernible human influence,"""The all-time record number of storms over the British Isles in winter 2013/14 cannot be linked directly to anthropogenic-induced warming of the tropical west Pacific.""",http://journals.ametsoc.org/doi/pdf/10.1175/BAMS-ExplainingExtremeEvents2014.1,2013-14
135,125,"North America extreme storm season, 2013-14",Storm,Insufficient data/inconclusive,"""The extreme 2013/14 winter storm season over much of North America was made more likely by the multiyear anomalous tropical Pacific winds associated with the recent global warming hiatus.""",http://journals.ametsoc.org/doi/pdf/10.1175/BAMS-ExplainingExtremeEvents2014.1,2013-14
136,126,"Western north Pacific 'highly anomalous' cyclone season, 2014",Storm,Insufficient data/inconclusive,"""The absence of western North Pacific tropical cyclone activity during August 2014 was apparently related to strong easterly wind anomalies induced by combined negative intraseasonal and Pacific Decadal Oscillation phases.""",http://journals.ametsoc.org/doi/pdf/10.1175/BAMS-ExplainingExtremeEvents2014.1,2014
137,127,"Hurricane Gonzalo, 2014",Storm,Insufficient data/inconclusive,"""After transitioning from a hurricane to an extratropical storm, Gonzalo tracked unusually far, achieving exceptional strength over Europe; however, it was within the historical range of such transforming storms.""",http://journals.ametsoc.org/doi/pdf/10.1175/BAMS-ExplainingExtremeEvents2014.1,2014
138,128,"Northern California wildfires, 2014",Wildfire,More severe or more likely to occur,"""The fire season in northern California during 2014 was the second largest in terms of burned areas since 1996. An increase in fire risk in California is attributable to human-induced climate change.""",http://journals.ametsoc.org/doi/pdf/10.1175/BAMS-ExplainingExtremeEvents2014.1,2014
139,129,"Record high SSTs in western tropical Pacific Ocean, 2014",Oceans,More severe or more likely to occur,"""CMIP5 models suggest that human influence has increased the probability of regional high SST extremes over the western tropical and northeast Pacific Ocean during the 2014 calendar year and summer.""",http://journals.ametsoc.org/doi/pdf/10.1175/BAMS-ExplainingExtremeEvents2014.1,2014
140,129,"Record high SSTs in north-east Pacific Ocean, 2014",Oceans,More severe or more likely to occur,"""CMIP5 models suggest that human influence has increased the probability of regional high SST extremes over the western tropical and northeast Pacific Ocean during the 2014 calendar year and summer.""",http://journals.ametsoc.org/doi/pdf/10.1175/BAMS-ExplainingExtremeEvents2014.1,2014
141,086,"Record warmth of north-east Pacific, 2014",Oceans,More severe or more likely to occur,"""According to CMIP5 models, the risk of record annual mean warmth in European, northeast Pacific, and northwest Atlantic regions—as occurred in 2014—has been greatly increased by anthropogenic climate change.""",http://journals.ametsoc.org/doi/pdf/10.1175/BAMS-ExplainingExtremeEvents2014.1,2014
142,086,"Record warmth of north-west Atlantic, 2014",Oceans,More severe or more likely to occur,"""According to CMIP5 models, the risk of record annual mean warmth in European, northeast Pacific, and northwest Atlantic regions—as occurred in 2014—has been greatly increased by anthropogenic climate change.""",http://journals.ametsoc.org/doi/pdf/10.1175/BAMS-ExplainingExtremeEvents2014.1,2014
143,130,"Typhoon Haiyan storm surge, 2013",Oceans,More severe or more likely to occur,"""The result indicates that the worst case scenario of a storm surge in the Gulf of Leyte may be worse by 20%, though changes in frequency of such events are not accounted for here.""",http://iopscience.iop.org/article/10.1088/1748-9326/10/6/064011/meta,2013
144,131,"Extreme' circulation over extratropical North Pacific & North America, 2013-14",Atmosphere,More severe or more likely to occur,"""Natural variability played a major role in inducing the anomaly pattern, whereas the anomalously warm sea surface temperature and low Arctic sea ice concentration in the Bering Sea contributed to the intensity.""",https://agupubs.onlinelibrary.wiley.com/doi/full/10.1002/2014GL062956,2013-14
145,132,"South of Australia 'exceptional' air pressures, August 2014",Atmosphere,More severe or more likely to occur,"""It is likely that human influences on climate increased the odds of the extreme high pressure anomalies south of Australia in August 2014 that were associated with frosts, lowland snowfalls and reduced rainfall.""",http://journals.ametsoc.org/doi/pdf/10.1175/BAMS-ExplainingExtremeEvents2014.1,2014
146,133,"Record global warmth, 2015",Heat,More severe or more likely to occur,"""In 2015, record warm surface temperatures were observed for the global mean, India, and the equatorial central Pacific. CMIP5 simulations suggest that for the globe and India, anthropogenic warming was largely to blame.",http://www.ametsoc.net/eee/2015/2_gc_heat.pdf,2015
147,133,"Record warmth in India, 2015",Heat,More severe or more likely to occur,"""In 2015, record warm surface temperatures were observed for the global mean, India, and the equatorial central Pacific. CMIP5 simulations suggest that for the globe and India, anthropogenic warming was largely to blame.""",http://www.ametsoc.net/eee/2015/2_gc_heat.pdf,2015
148,134,"Central Europe heatwaves, 2015",Heat,More severe or more likely to occur,"""Station-based observations and bias-corrected model simulations show that the frequency of short-term heat waves in central Europe has increased, albeit quantitative estimates of risk ratios differ considerably between methods.""",http://www.ametsoc.net/eee/2015/11_central_europe_heat.pdf,2015
149,135,"Europe heatwave, 2015",Heat,More severe or more likely to occur,"""A heat wave swept across central Europe in summer 2015. Model experiments suggest that anthropogenic forcings were a major factor in setting the conditions for the development of the 2015 heat wave.""",http://www.ametsoc.net/eee/2015/12_europe_heat.pdf,2015
150,136,"Egypt heatwave, 2015",Heat,More severe or more likely to occur,"""A combined modeling and observational assessment of the 2015 heat wave in Egypt found that human discomfort increased due to anthropogenic climate change.""",http://www.ametsoc.net/eee/2015/14_egypt_heat.pdf,2015
151,137,"Deadly heat & humidity in India & Pakistan, summer 2015",Heat,More severe or more likely to occur,"""We find that the deadly heat waves in India and Pakistan in 2015 were exacerbated by anthropogenic climate change. Although the impacts of both events were severe, the events themselves were not connected to each other.""",http://www.ametsoc.net/eee/2015/16_india_pakistain.pdf,2015
152,138,"North-west China record heat, July 2015",Heat,More severe or more likely to occur,"""The record-breaking heat over northwest China in July 2015 was linked directly to atmospheric general circulation indices and anthropogenic forcing. The latter increased the risk of extreme heat by three-fold.""",http://www.ametsoc.net/eee/2015/19_nw_china.pdf,2015
153,139,"Western China extreme high temperatures, 2015",Heat,More severe or more likely to occur,"""Human influence has very likely increased the probability of occurrence of the 2015 western China extreme summer temperature events by at least 3-fold and 42-fold for the highest daily maximum and minimum temperatures, respectively.",http://www.ametsoc.net/eee/2015/20_w_china_heat.pdf,2015
154,140,"Japan heatwave, August 2015",Heat,More severe or more likely to occur,"""The persistent Japanese heat wave that occurred in early August 2015 was mainly attributed to intraseasonal disturbances including tropical cyclones. Anthropogenic warming contributed to an increase in the probability of occurrence.",http://www.ametsoc.net/eee/2015/21_japan_heat.pdf,2015
155,142,"Southern Australia's record warm October, 2015",Heat,More severe or more likely to occur,"""Anthropogenic climate change was found to have a substantial influence on southern Australia’s extreme heat in October 2015. The relative influence of El Niño conditions was less clear.""",http://www.ametsoc.net/eee/2015/23_australian_s_heat.pdf,2015
156,143,"Australia record heat, October 2015",Heat,More severe or more likely to occur,"""Using a seasonal forecasting framework for attribution, we find that half of the record heat anomaly across Australia in October 2015 can be attributed to increasing CO2, with much of the rest due to internal atmospheric variability.""",http://www.ametsoc.net/eee/2015/24_australian_oct_ht.pdf,2015
157,144,"Europe record hot temperatures, 2014",Heat,More severe or more likely to occur,"""The year 2014 broke the record for the warmest yearly average temperature in Europe...Each method shows a very strong anthropogenic influence on the event over Europe.""",http://onlinelibrary.wiley.com/doi/10.1002/2016GL069568/abstract,2014
158,145,"European temperature extremes, 1961-2010",Heat,More severe or more likely to occur,"""The models indicate that anthropogenic forcings have influenced almost all indices in recent decades and led to more prominent changes in the frequency of extremes.""",https://www.sciencedirect.com/science/article/pii/S2212094716300640,1961-2010
159,146,"Global summertime heat stress, 1973-2012",Heat,More severe or more likely to occur,"""Our analysis suggests that there has been a detectable anthropogenic increase in mean summertime heat stress since 1973, both globally and in most land regions analyzed.""",https://link.springer.com/article/10.1007/s10584-016-1708-z,1973-2012
160,147,"Global 'hot' events, post-1900",Heat,More severe or more likely to occur,"""We find a significant human contribution to the probability of record‐breaking global temperature events as early as the 1930s. Since then, all the last 16 record‐breaking hot years globally had an anthropogenic contribution to their probability of occurrence.""",https://agupubs.onlinelibrary.wiley.com/doi/full/10.1002/2015GL067448,1900
161,148,"Global temperature extremes, 1951-2010",Heat,More severe or more likely to occur,"""Results confirm previous HadEX/CMIP3-based results in which anthropogenic (ANT) signals are robustly detected in the increase in global mean and northern continental regional means of the four indices of extreme temperatures.""",https://link.springer.com/article/10.1007/s00382-015-2674-2,1951-2010
162,Rapid study.  149,"North Pole 'unusually high' temperatures, winter 2016",Heat,More severe or more likely to occur,"""The model analyses show that the event would also have been extremely unlikely in a world without anthropogenic emissions of greenhouse gases and aerosols, attributing the cause of the change to human influences.""",https://www.worldweatherattribution.org/north-pole-nov-dec-2016/,2016
163,150,"Europe temperature extremes, 1951-2005",Heat,More severe or more likely to occur,"""An anthropogenic contribution to the increasing area affected by maximum and minimum temperature extremes is thus found for all regions, in particular from greenhouse gas forcing.""",https://journals.ametsoc.org/doi/full/10.1175/JCLI-D-16-0164.1,1951-2005
164,150,"North America temperature extremes, 1951-2005",Heat,More severe or more likely to occur,"""An anthropogenic contribution to the increasing area affected by maximum and minimum temperature extremes is thus found for all regions, in particular from greenhouse gas forcing.""",https://journals.ametsoc.org/doi/full/10.1175/JCLI-D-16-0164.1,1951-2005
165,150,"Asia temperature extremes, 1951-2005",Heat,More severe or more likely to occur,"""An anthropogenic contribution to the increasing area affected by maximum and minimum temperature extremes is thus found for all regions, in particular from greenhouse gas forcing.""",https://journals.ametsoc.org/doi/full/10.1175/JCLI-D-16-0164.1,1951-2005
166,150,"Australia temperature extremes, 1951-2005",Heat,More severe or more likely to occur,"""An anthropogenic contribution to the increasing area affected by maximum and minimum temperature extremes is thus found for all regions, in particular from greenhouse gas forcing.""",https://journals.ametsoc.org/doi/full/10.1175/JCLI-D-16-0164.1,1951-2005
167,150,"Northern hemisphere temperature extremes, 1951-2005",Heat,More severe or more likely to occur,"""An anthropogenic contribution to the increasing area affected by maximum and minimum temperature extremes is thus found for all regions, in particular from greenhouse gas forcing.""",https://journals.ametsoc.org/doi/full/10.1175/JCLI-D-16-0164.1,1951-2005
168,Rapid study.  151,"India all-time high temperature, May 2016",Heat,No discernible human influence,"""The analysis did not find a significant trend for these individual heat waves…The lack of a detectable trend may be due to the masking effect of aerosols on global warming and increased use of irrigation.""",https://www.worldweatherattribution.org/india-heat-wave-2016/,2016
169,152,"UK record winter sunshine, 2014-15",Sunshine,More severe or more likely to occur,"""Extreme winter sunshine in the United Kingdom, as observed in the record high 2014/15 season, has become more than 1.5 times more likely to occur under the influence of anthropogenic forcings.""",http://www.ametsoc.net/eee/2015/10_uk_sunshine.pdf,2014-15
170,153,"Ethiopia drought, 2015",Drought,More severe or more likely to occur,"""Anthropogenic warming contributed to the 2015 Ethiopian and southern African droughts by increasing El Niño SSTs and local air temperatures, causing reduced rainfall and runoff, and contributing to severe food insecurity.""",http://www.ametsoc.net/eee/2015/15_african_drought.pdf,2015
171,153,"Southern Africa drought, 2015",Drought,More severe or more likely to occur,"""Anthropogenic warming contributed to the 2015 Ethiopian and southern African droughts by increasing El Niño SSTs and local air temperatures, causing reduced rainfall and runoff, and contributing to severe food insecurity.""",http://www.ametsoc.net/eee/2015/15_african_drought.pdf,2015
172,154,"Tasmania record low rainfall, October 2015",Drought,More severe or more likely to occur,"""Anthropogenic climate change and El Niño made small but significant contributions to increasing the likelihood of record low rainfall in October 2015 in Tasmania. Atmospheric variability was the main contributor.""",http://www.ametsoc.net/eee/2015/25_tasmania_precip.pdf,2015
173,155,"Western Canada extreme drought, 2015",Drought,More severe or more likely to occur,"""Analysis results indicate that the 2015 extreme drought in western Canada was likely an outcome of anthropogenically influenced warm spring conditions and naturally forced dry weather from May to July.""",http://www.ametsoc.net/eee/2015/9_canada_drought.pdf,2015
174,156,"Western US 'exceptionally low' snowpack, 2015",Drought,More severe or more likely to occur,"""[B]oth human influence and sea surface temperature (SST) anomalies contributed strongly to the risk of snow drought in Oregon and Washington: the contribution of SST anomalies was about twice that of human influence.""",https://agupubs.onlinelibrary.wiley.com/doi/full/10.1002/2016GL069965,2015
175,157,"Washington snowpack drought, 2014-15",Drought,More severe or more likely to occur,"""The 2014/15 snowpack drought resulted from exceedingly high temperatures notwithstanding normal precipitation—a drought type that may reoccur due to accelerated anthropogenic warming and aggravated by naturally driven low precipitation.""",http://www.ametsoc.net/eee/2015/5_us_fire_drought.pdf,2014-15
176,158,"New Zealand drought, January-March 2013",Drought,More severe or more likely to occur,"""Our results demonstrate robust (>99% confidence) increases in the likelihood of observing circulation patterns like those of the 2013 drought in the recent‐climate simulations when compared with the early‐climate simulations.""",https://agupubs.onlinelibrary.wiley.com/doi/full/10.1002/2016JD025602,2013
177,159,"Southeast China extreme rainfall, May 2015",Rain & flooding,More severe or more likely to occur,"""Anthropogenic climate change increased the probability that a short-duration, intense rainfall events and associated flooding, like the one that occurred in May, would occur in parts of southeast China.""",http://www.ametsoc.net/eee/2015/18_china_precip.pdf,2015
178,160,"Flooding in Boulder, September 2013",Rain & flooding,More severe or more likely to occur,"""[W]e deduce an increase in the likelihood of extreme one-day precipitation but of a smaller magnitude than what would be expected in a warming world according to the Clausius–Clapeyron relation. For five-day extremes, we are unable to detect a change in likelihood.""",http://iopscience.iop.org/article/10.1088/1748-9326/11/12/124009/meta,2013
179,161,"Southern England floods, winter 2013-14",Rain & flooding,More severe or more likely to occur,"""In a large ensemble of climate model simulations, we find that, as well as increasing the amount of moisture the atmosphere can hold, anthropogenic warming caused a small but significant increase in the number of January days with westerly flow, both of which increased extreme precipitation.""",http://www.nature.com/nclimate/journal/v6/n6/full/nclimate2927.html,2013-14
180,162,"Louisiana floods, August 2016",Rain & flooding,More severe or more likely to occur,"""These simulations suggest that ~20% of the 4 day precipitation that fell on Louisiana (average of detrend and double trend) could have been augmented by climate warming trends.""",https://agupubs.onlinelibrary.wiley.com/doi/full/10.1002/2016GL071460,2016
181,150,"Europe heavy rainfall, 1951-2005",Rain & flooding,More severe or more likely to occur,"""These results show that an anthropogenic contribution to the heavy precipitation component over Europe is found for a majority of models analyzed.""",https://journals.ametsoc.org/doi/full/10.1175/JCLI-D-16-0164.1,1951-2005
182,150,"North America heavy rainfall, 1951-2005",Rain & flooding,More severe or more likely to occur,"""[T]here is a clear difference emerging between the different scenarios, indicating a likely anthropogenic influence on this component that is underestimated in the models.""",https://journals.ametsoc.org/doi/full/10.1175/JCLI-D-16-0164.1,1951-2005
183,150,"Asia heavy rainfall, 1951-2005",Rain & flooding,More severe or more likely to occur,"""These results indicate that [greenhouse gas] forcing is needed to explain the observed trends.""",https://journals.ametsoc.org/doi/full/10.1175/JCLI-D-16-0164.1,1951-2005
184,150,"Northern hemisphere heavy rainfall, 1951-2005",Rain & flooding,More severe or more likely to occur,"""[C]limate models are at least partially able to replicate the observed increase in the areas experiencing “much above average” contribution of heavy precipitation to total precipitation across the northern hemisphere, and that part of this increase in area is due to anthropogenic effects.""",https://journals.ametsoc.org/doi/full/10.1175/JCLI-D-16-0164.1,1951-2005
185,150,"Australia heavy rainfall, 1951-2005",Rain & flooding,No discernible human influence,"""Over Australia, the simulations do not exhibit any trend, consistent with no trend in the observations.""",https://journals.ametsoc.org/doi/full/10.1175/JCLI-D-16-0164.1,1951-2005
186,163,"Late onset of Nigeria wet season, 2015",Rain & flooding,No discernible human influence,"""We find no evidence that the delayed onset of the wet season over Nigeria during April–May 2015 was made more likely by anthropogenic influences or anomalous sea surface temperatures. """,http://www.ametsoc.net/eee/2015/13_nigeria_precip.pdf,2015
187,164,"Chennai heavy rainfall event, December 2015",Rain & flooding,No discernible human influence,"""Extreme one-day rainfall caused widespread flooding in Chennai, India, in December 2015. No effect of global warming was detected, likely caused by aerosols counteracting greenhouse gases up to now.""",http://www.ametsoc.net/eee/2015/17_india_precip.pdf,2015
188,Rapid study.  165,"Rainstorms in Germany, May 2016",Rain & flooding,Insufficient data/inconclusive,"""The results for this region are inconclusive and no attribution statement can be made at this time.""",https://www.worldweatherattribution.org/european-rainstorms-may-2016/,2016
189,166,"Record low Arctic sea ice, March 2015","Cold, snow & ice","Decrease, less severe or less likely to occur","""The record low Northern Hemisphere (NH) winter sea ice maximum stemmed from a strong interannual surface anomaly in the Pacific sector, but it would not have been reached without long-term climate change.""",https://journals.ametsoc.org/doi/pdf/10.1175/BAMS-D-16-0153.1,2015
190,167,"Eastern US winter cold wave, 2015","Cold, snow & ice","Decrease, less severe or less likely to occur","""Consistent with observations, the majority of climate models find that climate change has led to a shift in the distribution of winter daily minimum temperatures toward warmer conditions, and subsequently a decrease in the likelihood of extreme cold waves in the North Atlantic.""",http://www.ametsoc.net/eee/2015/7_us_winter.pdf,2015
191,168,"Arctic sea ice record low, 2012","Cold, snow & ice","Decrease, less severe or less likely to occur","""Using several different metrics to define the events in question, it is shown that an extreme SIE minimum of the magnitude seen in 2012 is consistent with a scenario including anthropogenic influence and is extremely unlikely in a scenario excluding anthropogenic influence.""",https://journals.ametsoc.org/doi/full/10.1175/JCLI-D-16-0412.1,2012
192,169,"North America winter temperature dipole, 1980-2015","Cold, snow & ice","Decrease, less severe or less likely to occur","""Using a large single‐model ensemble of climate simulations, we show that the observed positive trend in the warm‐West/cool‐East events is attributable to historical anthropogenic emissions including greenhouse gases, but that the co‐occurrence of extreme western warmth and eastern cold will likely decrease in the future.""",https://agupubs.onlinelibrary.wiley.com/doi/full/10.1002/2016JD025116,1980-2015
193,Rapid study.  170,"US record low temperatures, December 2016","Cold, snow & ice",No discernible human influence,"""The cold air outbreak of the next few days is nothing unusual, and neither inconsistent with an overall picture of a warming world, nor evidence that global warming is making cold weather more extreme.""",https://www.worldweatherattribution.org/u-s-deep-freeze-december-2016/,2016
194,167,"Eastern US extremely cold days, 2015","Cold, snow & ice",No discernible human influence,"""There is no systematic trend in the number of extremely cold days, thus no evidence to suggest that the frequency or persistence of cold events is systematically changing""",http://www.ametsoc.net/eee/2015/7_us_winter.pdf,2015
195,171,"North America cold spell, February 2015","Cold, snow & ice",Insufficient data/inconclusive,"""The cold spell of February 2015 in North America was predominantly internally generated; reduced Arctic sea ice and anomalous sea surface temperatures may have contributed in establishing and sustaining the anomalous flow.""",http://www.ametsoc.net/eee/2015/8_us_cold_na.pdf,2015
196,172,"Extreme accumulated cyclone energy in western North Pacific, 2015",Storm,More severe or more likely to occur,"""The extreme value of the 2015 western North Pacific (WNP) accumulated cyclone energy (ACE) was mainly caused by the sea surface warming in the eastern and central Pacific, with the anthropogenic forcing largely increasing the odds of the occurrence of this event.""",http://www.ametsoc.net/eee/2015/26_wnp_ace.pdf,2015
197,173,"Hurricane Sandy-like floods, 1800-2100",Storm,More severe or more likely to occur,"""Due to the effect of sea level rise, the return period of Hurricane Sandy’s flood height decreased by a factor of ∼3× from year 1800 to 2000 and is estimated to decrease by a further ∼4.4× from 2000 to 2100 under a moderate-emissions pathway.""",https://www.pnas.org/content/early/2016/10/06/1604386113.abstract,1800-2100
198,174,"Alaska fire season, 2015",Wildfire,More severe or more likely to occur,"""The 2015 Alaska fire season burned the second largest number of acres since records began in 1940. Human-induced climate change may have increased the risk of a fire season of this severity by 34%–60%.""",http://www.ametsoc.net/eee/2015/4_ak_fire.pdf,2015
199,175,"Western US wildfires, 1979-2015",Wildfire,More severe or more likely to occur,"""We estimate that human-caused climate change contributed to an additional 4.2 million ha of forest fire area during 1984–2015, nearly doubling the forest fire area expected in its absence.""",https://www.pnas.org/content/113/42/11770,1979-2015
200,176,"California wildfire activity, 1975-2050",Wildfire,More severe or more likely to occur,"""Historically, we find that anthropogenic influences account for up to fifty percent of explanatory power in the model.""",https://journals.plos.org/plosone/article?id=10.1371/journal.pone.0153589,1975-2050
201,177,"Florida's 'sunny-day flood', September 2015",Oceans,More severe or more likely to occur,"""The probability of a 0.57-m tidal flood within the Miami region has increased by >500% since 1994 from a 10.9-cm sea level rise (SLR)-related trend in monthly highest tides.""",http://www.ametsoc.net/eee/2015/6_tidal_flood.pdf,2015
202,133,"Record warmth in the central Pacific, 2015",Oceans,Insufficient data/inconclusive,"""In 2015, record warm surface temperatures were observed for the global mean, India, and the equatorial central Pacific. CMIP5 simulations suggest that for the globe and India, anthropogenic warming was largely to blame.""",http://www.ametsoc.net/eee/2015/2_gc_heat.pdf,2015
203,141,"Indonesia severe heat and drought, 2015",Compound,More severe or more likely to occur,"""El Niño and human-induced climate change have substantially increased the likelihood of rainfall deficits and high temperatures, respectively, in Indonesia such as those experienced in the drought conditions of July–October 2015.""",http://www.ametsoc.net/eee/2015/22_indonesia_heat.pdf,2015
204,Rapid study.  178,"Great Barrier Reef mass bleaching, 2016",Impact,More severe or more likely to occur,"""We found that climate change has dramatically increased the likelihood of very hot March months like that of 2016 in the Coral Sea. We estimate that there is at least a 175 times increase in likelihood of hot March months because of the human influence on the climate.""",https://www.worldweatherattribution.org/great-barrier-reef-bleaching-march-2016/,2016
205,179,"Paris summer heatwave deaths, 2003",Impact,More severe or more likely to occur,"""Out of the estimated ~315 and ~735 summer deaths attributed to the heatwave event in Greater London and Central Paris, respectively, 64 (±3) deaths were attributable to anthropogenic climate change in London, and 506 (±51) in Paris.""",https://iopscience.iop.org/article/10.1088/1748-9326/11/7/074006,2003
206,179,"London summer heatwave deaths, 2003",Impact,More severe or more likely to occur,"""Out of the estimated ~315 and ~735 summer deaths attributed to the heatwave event in Greater London and Central Paris, respectively, 64 (±3) deaths were attributable to anthropogenic climate change in London, and 506 (±51) in Paris.""",https://iopscience.iop.org/article/10.1088/1748-9326/11/7/074006,2003
207,180,"Global extreme events, 1931-2016",Heat,More severe or more likely to occur,"""We find that historical warming has increased the severity and probability of the hottest month and hottest day of the year at >80% of the available observational area.""",https://www.pnas.org/content/early/2017/04/18/1618082114.full,1931-2016
208,181,"Global record temperature streak, 2014-16",Heat,More severe or more likely to occur,"""We find that this sequence of record‐breaking temperatures had a negligible (<0.03%) likelihood of occurrence in the absence of anthropogenic warming.""",https://agupubs.onlinelibrary.wiley.com/doi/full/10.1002/2017GL074056,2014-16
209,182,"Global temperature record, 2016",Heat,More severe or more likely to occur,"The findings indicate a ""29‐fold increase in the likelihood of setting a record for a hot year in global temperatures in 2016 due to anthropogenic forcings"".",https://agupubs.onlinelibrary.wiley.com/doi/full/10.1002/2017EF000611,2016
210,182,"Central England temperature record, 2014",Heat,More severe or more likely to occur,"""Human‐induced climate change increased the chance of setting a new heat record in the CET [Central England Temperature] in 2014 by at least a factor 35.""",https://agupubs.onlinelibrary.wiley.com/doi/full/10.1002/2017EF000611,2014
211,Rapid study.  183,"New South Wales hottest summer, 2017",Heat,More severe or more likely to occur,"""Average summer temperatures like those seen [in New South Wales] during 2016-2017 are now at least 50 times more likely in the current climate than in the past, before global warming began.""",https://www.worldweatherattribution.org/extreme-heat-australia-february-2017/,2017
212,Rapid study.  184,"Eastern US 'exceedingly warm' Feburary, 2017",Heat,More severe or more likely to occur,"""Overall, we find that the chances of seeing a February as warm as the one experienced across the Lower 48 has increased more than threefold because of human-caused climate change.""",https://www.worldweatherattribution.org/u-s-heat-february-2017/,2017
213,Rapid study.  185,"Europe heatwave, June 2017 (Belgium)",Heat,More severe or more likely to occur,"""The team found that climate change made the intensity and frequency of such extreme heat at least twice as likely in Belgium, at least four times as likely in France, Switzerland, the Netherlands, and central England and at least 10 times as likely in Portugal and Spain"".",https://www.worldweatherattribution.org/european-heat-june-2017/,2017
214,Rapid study.  185,"Europe heatwave, June 2017 (France)",Heat,More severe or more likely to occur,"""The team found that climate change made the intensity and frequency of such extreme heat at least twice as likely in Belgium, at least four times as likely in France, Switzerland, the Netherlands, and central England and at least 10 times as likely in Portugal and Spain"".",https://www.worldweatherattribution.org/european-heat-june-2017/,2017
215,Rapid study.  185,"Europe heatwave, June 2017 (Netherlands)",Heat,More severe or more likely to occur,"""The team found that climate change made the intensity and frequency of such extreme heat at least twice as likely in Belgium, at least four times as likely in France, Switzerland, the Netherlands, and central England and at least 10 times as likely in Portugal and Spain"".",https://www.worldweatherattribution.org/european-heat-june-2017/,2017
216,Rapid study.  185,"Europe heatwave, June 2017 (Portugal)",Heat,More severe or more likely to occur,"""The team found that climate change made the intensity and frequency of such extreme heat at least twice as likely in Belgium, at least four times as likely in France, Switzerland, the Netherlands, and central England and at least 10 times as likely in Portugal and Spain"".",https://www.worldweatherattribution.org/european-heat-june-2017/,2017
217,Rapid study.  185,"Europe heatwave, June 2017 (Spain)",Heat,More severe or more likely to occur,"""The team found that climate change made the intensity and frequency of such extreme heat at least twice as likely in Belgium, at least four times as likely in France, Switzerland, the Netherlands, and central England and at least 10 times as likely in Portugal and Spain"".",https://www.worldweatherattribution.org/european-heat-june-2017/,2017
218,Rapid study.  185,"Europe heatwave, June 2017 (Switzerland)",Heat,More severe or more likely to occur,"""The team found that climate change made the intensity and frequency of such extreme heat at least twice as likely in Belgium, at least four times as likely in France, Switzerland, the Netherlands, and central England and at least 10 times as likely in Portugal and Spain"".",https://www.worldweatherattribution.org/european-heat-june-2017/,2017
219,Rapid study.  185,"Europe heatwave, June 2017 (UK)",Heat,More severe or more likely to occur,"""The team found that climate change made the intensity and frequency of such extreme heat at least twice as likely in Belgium, at least four times as likely in France, Switzerland, the Netherlands, and central England and at least 10 times as likely in Portugal and Spain"".",https://www.worldweatherattribution.org/european-heat-june-2017/,2017
220,Rapid study.  186,"Euro-Mediterannean heat, summer 2017",Heat,More severe or more likely to occur,"""The team found that climate change increased the chances of seeing a summer as hot as 2017 by at least a factor of 10 and a heat wave like Lucifer by at least a factor of four since 1900.""",https://www.worldweatherattribution.org/euro-mediterranean-heat-summer-2017/,2017
221,187,"Tibetan Plateua severe drought, autumn 2009",Drought,More severe or more likely to occur,"""Ensemble simulations of climate models demonstrate a robust increase in the dry and warm meteorological conditions seen during the 2009 SEPTP autumn drought due to anthropogenic global warming.""",http://journals.ametsoc.org/doi/abs/10.1175/JCLI-D-16-0636.1,2009
222,188,"Central US severe drought, 2012",Drought,More severe or more likely to occur,"""An anthropogenic impact on precipitation was detectable in the simulations, doubling the likelihood of what would have been a rainfall deficit with a 2% exceedance probability under preindustrial-level forcings.""",https://journals.ametsoc.org/doi/full/10.1175/JCLI-D-16-0294.1,2012
223,189,"Northeast Brazil drought, 2012-16",Drought,No discernible human influence,"""Northeast Brazil experienced profound water shortages in 2016 due to a five-year drought. Using multiple methods, we could not find sufficient evidence that anthropogenic climate change increased drought risk.""",https://journals.ametsoc.org/doi/abs/10.1175/BAMS-D-17-0102.1,2012-16
224,190,"Kenya drought, 2016",Drought,No discernible human influence,"""Analysing precipitation data for the South East and North West of Kenya we found no consistent signal from human‐induced climate change and thus conclude that it has not greatly affected the likelihood of low rainfall such as in 2016.""",https://rmets.onlinelibrary.wiley.com/doi/full/10.1002/joc.5389,2016
225,191,"Ethiopia drought, 2015",Drought,Insufficient data/inconclusive,"""Taking the model spread into account we again cannot attribute the drought to anthropogenic climate change.""",http://journals.ametsoc.org/doi/abs/10.1175/JCLI-D-17-0274.1?af=R,2015
226,192,"California drought trends, 1979-2005",Drought,Insufficient data/inconclusive,"""These results allow a tenuous case for human-driven climate change driving increased gradients and favoring the west coast ridge, but observational data are not sufficiently accurate to confirm or reject this case.""",https://journals.ametsoc.org/doi/full/10.1175/JCLI-D-17-0192.1,1979-2005
227,Rapid study.  193,"Somalia drought, 2016",Drought,Insufficient data/inconclusive,"""Taking all the evidence together we therefore conclude that the effect of climate change on dry extremes in Somalia and Somaliland in the autumn (Deyr) rains is small compared to natural variability. We cannot show that climate change influenced the probability of drought.""",https://www.worldweatherattribution.org/somalia-drought-2016-2017/,2016
228,194,"European drought, 2015",Drought,Insufficient data/inconclusive,"""Assessments using the maximum number of models and counterfactual climates with pre‐industrial greenhouse gas concentrations point to an enhanced drought risk in Europe. However, other evaluations show contradictory evidence.""",https://agupubs.onlinelibrary.wiley.com/doi/abs/10.1002/2017EF000612,2015
229,195,"South Louisiana flooding, August 2016",Rain & flooding,More severe or more likely to occur,"""Taking into account all modeling results, the probability of an event like the one in south Louisiana in 2016 has increased at least by a factor of 1.4 due to radiative forcing.""",https://www.hydrol-earth-syst-sci.net/21/897/2017/hess-21-897-2017.html,2016
230,196,"Colorado floods, September 2013",Rain & flooding,More severe or more likely to occur,"""Using this ‘conditional event attribution’ approach we find that our regional climate model simulations indicate that anthropogenic drivers increased the magnitude of heavy northeast Colorado rainfall for the wet week in September 2013 by 30%, with the occurrence probability of a week at least that wet increasing by at least a factor of 1.3.""",https://www.sciencedirect.com/science/article/pii/S2212094716300470?via%3Dihub,2013
231,197,"West Africa heavy rainfall, July-August 2012",Rain & flooding,"Decrease, less severe or less likely to occur","""Results show that anthropogenic greenhouse gas emissions have decreased the probability of high precipitation across most of the model ensembles.""",http://iopscience.iop.org/article/10.1088/1748-9326/aa5386/pdf,2012
232,198,"Southern Europe 'unusually hot & dry' summer, 2012",Compound,More severe or more likely to occur,"""[T]here has been a significant increase in the risk of hot summers in southern Europe with climate change. Most approaches also suggested a slight drying, but none of the results were statistically significant.""",https://rd.springer.com/article/10.1007%2Fs00382-017-3822-7,2012
233,198,"Northern Europe 'very wet' summer, 2012",Rain & flooding,No discernible human influence,"""The unusually wet summer in northern Europe was made more likely by the observed atmospheric circulation pattern in 2012, but no evidence was found for a long-term trend in circulation.""",https://rd.springer.com/article/10.1007%2Fs00382-017-3822-7,2012
234,199,"Sea of Okhotsk sea ice record low, 2015","Cold, snow & ice","Decrease, less severe or less likely to occur","""It was found that because of anthropogenic influence, both the probability of extreme low Okhotsk SIEs that exceed the 2015 event and the observed long-term trends during 1979–2015 have increased by more than 4 times.""",https://journals.ametsoc.org/doi/10.1175/JCLI-D-16-0587.1,2015
235,180,"Arctic sea ice record low, 2012","Cold, snow & ice","Decrease, less severe or less likely to occur","""We also demonstrate the ability of our framework to systematically evaluate the role of dynamic and thermodynamic factors such as atmospheric circulation patterns and atmospheric water vapor, and find extremely high statistical confidence that anthropogenic forcing increased the probability of record-low Arctic sea ice extent.""",https://www.pnas.org/content/early/2017/04/18/1618082114.full,2012
236,200,"Sierra Nevada snowpack low, 2011-15","Cold, snow & ice","Decrease, less severe or less likely to occur","""Anthropogenic warming reduced average snowpack levels by 25%, with middle‐to‐low elevations experiencing reductions between 26 and 43%""",https://agupubs.onlinelibrary.wiley.com/doi/full/10.1002/2016GL072104,2011-15
237,Rapid study.  201,"South-east Europe extreme cold, winter 2017","Cold, snow & ice",Insufficient data/inconclusive,"""The temperature of these cold waves has increased since 1950. This increase is not statistically significant due to the variability of the weather, but climate models show the same increase.""",https://www.worldweatherattribution.org/se-europe-cold-january-2017/,2017
238,202,"Hurricane Harvey, August 2017",Storm,More severe or more likely to occur,"""Extrapolating these results to the 2017 event, we conclude that global warming made the precipitation about 15% (8%–19%) more intense, or equivalently made such an event three (1.5–5) times more likely.""",https://iopscience.iop.org/article/10.1088/1748-9326/aa9ef2,2017
239,203,"New York City floods, since pre-industrial",Storm,More severe or more likely to occur,"""However, projected sea-level rise causes overall flood heights associated with tropical cyclones in New York City in coming centuries to increase greatly compared with preindustrial or modern flood heights""",https://www.pnas.org/content/early/2017/10/03/1703568114/tab-article-info,
240,204,"Eastern Pacific 'extreme' hurricane season, 2015",Storm,More severe or more likely to occur,"""Although the likelihood of such an extreme year depends on the phase of natural variability, the coupled GCM projects an increase in the frequency of such extremely active TC years over the next few decades for EPO, CPO, and Hawaii as a result of enhanced subtropical Pacific warming from anthropogenic greenhouse gas forcing.""",https://journals.ametsoc.org/doi/10.1175/JCLI-D-16-0424.1,2015
241,205,"Hurricane Harvey rainfall, 2017",Storm,More severe or more likely to occur,"""We find that human-induced climate change likely increased the chances of the observed precipitation accumulations during Hurricane Harvey in the most affected areas of Houston by a factor of at least 3.5""",https://agupubs.onlinelibrary.wiley.com/doi/10.1002/2017GL075888,2017
242,206,"Typhoon hitting eastern Hokkaido, August 2016",Storm,More severe or more likely to occur,"""The amount, intensity, and duration of rainfall in eastern Hokkaido associated with the typhoon increased in the warming climate.""",https://doi.org/10.2151/sola.2017-045,2016
243,207,"Western Canada fire risk, May 2016",Wildfire,More severe or more likely to occur,"""The combined effect of anthropogenic and natural forcing is estimated to have made extreme fire risk events in the region 1.5 to 6 times as likely compared to a climate that would have been with natural forcings alone.""",https://rd.springer.com/article/10.1007%2Fs10584-017-2030-0,2016
244,208,"Tasman Sea marine heatwave, 2015-16",Oceans,More severe or more likely to occur,"""Global climate models indicate it is very likely to be that the occurrence of an extreme warming event of this duration or intensity in this region is respectively ≥330 times and ≥6.8 times as likely to be due to the influence of anthropogenic climate change.""",https://www.nature.com/articles/ncomms16101,2015-16
245,209,"Northern hemisphere summer extremes, 1979-2015",Atmosphere,More severe or more likely to occur,"""Here, we isolate a specific fingerprint in the zonal mean surface temperature profile that is associated with QRA-favorable conditions. State-of-the-art (“CMIP5”) historical climate model simulations subject to anthropogenic forcing display an increase in the projection of this fingerprint that is mirrored in multiple observational surface temperature datasets.""",https://www.nature.com/articles/srep45242,1979-2015
246,210,"Colorado river drought, 2000-14",River flow,"Decrease, less severe or less likely to occur","""[W]e found that recent warming of 0.9°C has likely already reduced river flows from −2.7% to −9% from the mean 1906–1999 flow. This represents approximately one‐sixth to one‐half (average of one‐third) of the total flow loss during the 2000–2014 drought.""",https://agupubs.onlinelibrary.wiley.com/doi/full/10.1002/2016WR019638,2000-14
247,211,"Southern Europe summer heatwave, 2017",Heat,More severe or more likely to occur,"""Across the Euro-Mediterranean the likelihood of a heat wave at least as hot as summer 2017 is now on the order of 10%. Anthropogenic climate change has increased the odds at least threefold since 1950.""",http://www.ametsoc.net/eee/2017a/ch11_EEEof2017_Kew.pdf,2017
248,212,"South Korea earliest summer onset, 2017",Heat,More severe or more likely to occur,"""Large-ensemble RCM and GCM simulations suggest a significant anthropogenic contribution to the observed warmest May and earliest summer onset in South Korea, increasing the risk of its occurrence by 2–3 times.""",http://www.ametsoc.net/eee/2017a/ch15_EEEof2017_Min.pdf,2017
249,213,"Central eastern China heatwave, July 2017",Heat,More severe or more likely to occur,"""Heat waves in central eastern China like the record-breaking July 2017 event were rare in natural worlds but have now become approximately 1-in-5-yr events due to anthropogenic forcings.""",http://www.ametsoc.net/eee/2017a/ch18_EEEof2017_Chen.pdf,2017
250,214,"Yangtze river delta summer heatwave, 2017",Heat,More severe or more likely to occur,"""The occurrence probability of the record-breaking Yangtze River Delta heatwave in summer 2017 might be attributed to global warming (23%), the abnormal western Pacific subtropical high (32%), and the urban heat island effect (58%).""",http://www.ametsoc.net/eee/2017a/ch19_EEEof2017_KWang.pdf,2017
251,215,"Global extremely hot days, early 21st century",Heat,More severe or more likely to occur,"""We find that most regions experience increases in the frequency and intensity of extremely hot three day periods, but anthropogenic sulfate aerosol forcing changes locally can decrease these measures of heat waves in some models.""",https://www.sciencedirect.com/science/article/pii/S2212094717301159?via%3Dihub,
252,216,"Record global warmth, 2016",Heat,More severe or more likely to occur,"""According to CMIP5 simulations, the 2016 record global warmth was only possible due to substantial centennial-scale anthropogenic warming. Natural variability made a smaller contribution to the January–December 2016 annual-mean global temperature anomaly""",https://journals.ametsoc.org/doi/pdf/10.1175/BAMS-ExplainingExtremeEvents2016.1,2016
253,217,"Arctic 'anomalous warmth', November-December 2016",Heat,More severe or more likely to occur,"""According to CMIP5 simulations, the highly anomalous Arctic warmth during November–December 2016, as estimated in five observed datasets, most likely would not have been possible without anthropogenic forcing.""",https://journals.ametsoc.org/doi/pdf/10.1175/BAMS-ExplainingExtremeEvents2016.1,2016
254,218,"France's 'exceptionally warm December' (temperature), 2015",Heat,More severe or more likely to occur,"""December 2015 in France was an extreme of circulation and temperature. Both circulation and climate change partly explain the 4°C anomaly. We found no link between climate change and circulation.""",https://journals.ametsoc.org/doi/pdf/10.1175/BAMS-ExplainingExtremeEvents2016.1,2015
255,219,"Asian heat extremes, 2016",Heat,More severe or more likely to occur,"""The 2016 extreme warmth across Asia would not have been possible without climate change. The 2015/16 El Niño also contributed to regional warm extremes over Southeast Asia and the Maritime Continent.""",https://journals.ametsoc.org/doi/pdf/10.1175/BAMS-ExplainingExtremeEvents2016.1,2016
256,220,"Arctic record warmth, 2016",Heat,More severe or more likely to occur,"""Results from the atmospheric model experiments are reconciled with coupled climate model simulations which lead to a conclusion that about 60% of the 2016 Arctic warmth was likely attributable to human-induced climate change.""",https://www.sciencedirect.com/science/article/pii/S2212094717301019,2016
257,221,"China heatwave, July 2017",Heat,More severe or more likely to occur,"""Within HadGEM3-GA6 July 2017-like heatwaves were unequaled in the ensemble representing the world without human influences. Such heatwaves became approximately a 1 in 50 year event and increased by a factor of 4.8 (5%–95% range of 3.1 to 8.0) in weather@home as a result of human activity.""",https://iopscience.iop.org/article/10.1088/1748-9326/aae356,2017
258,222,"Global daily temperature extremes, 1901–2005",Heat,More severe or more likely to occur,"""Examination of simulations with and without anthropogenic forcings provides evidence that the observed changes are more likely to be anthropogenic than nature in origin.""",https://www.nature.com/articles/s41598-018-19288-z,1901
259,Rapid study.  223,"Northern Europe summer heatwave, 2018 (Ireland)",Heat,More severe or more likely to occur,"""In Ireland, the Netherlands and Denmark there are clear trends towards more heat waves in the observations. In Ireland and Denmark climate models give a very similar increase in probabilities to the observations — roughly a factor two more likely in Dublin and a factor four in Denmark.""",https://www.worldweatherattribution.org/attribution-of-the-2018-heat-in-northern-europe/,2018
260,Rapid study.  223,"Northern Europe summer heatwave, 2018 (Netherlands)",Heat,More severe or more likely to occur,"""In Ireland, the Netherlands and Denmark there are clear trends towards more heat waves in the observations. In Ireland and Denmark climate models give a very similar increase in probabilities to the observations — roughly a factor two more likely in Dublin and a factor four in Denmark.""",https://www.worldweatherattribution.org/attribution-of-the-2018-heat-in-northern-europe/,2018
261,Rapid study.  223,"Northern Europe summer heatwave, 2018 (Denmark)",Heat,More severe or more likely to occur,"""In Ireland, the Netherlands and Denmark there are clear trends towards more heat waves in the observations. In Ireland and Denmark climate models give a very similar increase in probabilities to the observations — roughly a factor two more likely in Dublin and a factor four in Denmark.""",https://www.worldweatherattribution.org/attribution-of-the-2018-heat-in-northern-europe/,2018
262,Rapid study.  223,"Northern Europe summer heatwave, 2018 (Norway)",Heat,Insufficient data/inconclusive,"""We can conclude that anthropogenic climate change increased the odds of a heat wave as observed in 2018 in Scandinavia but we cannot quantify by how much.""",https://www.worldweatherattribution.org/attribution-of-the-2018-heat-in-northern-europe/,2018
263,Rapid study.  223,"Northern Europe summer heatwave, 2018 (Sweden)",Heat,Insufficient data/inconclusive,"""We can conclude that anthropogenic climate change increased the odds of a heat wave as observed in 2018 in Scandinavia but we cannot quantify by how much.""",https://www.worldweatherattribution.org/attribution-of-the-2018-heat-in-northern-europe/,2018
264,Rapid study.  223,"Northern Europe summer heatwave, 2018 (Sodankyla, Finland)",Heat,Insufficient data/inconclusive,"""We can conclude that anthropogenic climate change increased the odds of a heat wave as observed in 2018 in Scandinavia but we cannot quantify by how much.""",https://www.worldweatherattribution.org/attribution-of-the-2018-heat-in-northern-europe/,2018
265,Rapid study.  223,"Northern Europe summer heatwave, 2018 (Jokioinen, Finland)",Heat,Insufficient data/inconclusive,"""We can conclude that anthropogenic climate change increased the odds of a heat wave as observed in 2018 in Scandinavia but we cannot quantify by how much.""",https://www.worldweatherattribution.org/attribution-of-the-2018-heat-in-northern-europe/,2018
266,224,"Japan record low sunshine, August 2017",Sunshine,More severe or more likely to occur,"""The record low sunshine over Japan during August 2017 was mainly attributed to a blocking high and Pacific–Japan pattern. Anthropogenic warming and decaying El Niño contributed to an increase in the probability of occurrence.""",http://www.ametsoc.net/eee/2017a/ch14_EEEof2017_Takahashi.pdf,2017
267,225,"US northern Great Plains drought, 2017",Drought,More severe or more likely to occur,"""Anthropogenic forcing made the occurrence of observed 2017 northern Great Plains drought intensity up to 1.5 times more likely through aridification due to long-term increases in evapotranspiration over precipitation.""",http://www.ametsoc.net/eee/2017a/ch6_EEEof2017_Hoell.pdf,2017
268,226,"US northern Great Plains drought, 2017",Drought,More severe or more likely to occur,"""The 2017 northern High Plains precipitation deficits were largely the result of internal atmospheric variability. Global warming may have exacerbated the dry condition by producing surface warming and increasing the probability of heat waves there.""",http://www.ametsoc.net/eee/2017a/ch7_EEEof2017_HWang.pdf,2017
269,227,"East Africa drought, March-June 2017",Drought,More severe or more likely to occur,"""Anthropogenic warming of Western V sea surface temperatures contributed to East African drought. Extremely warm (FAR = 1) Western V SST doubled the probability of drought, contributing to widespread food insecurity.""",http://www.ametsoc.net/eee/2017a/ch12_EEEof2017_Funk.pdf,2017
270,228,"Southern Africa 'flash' droughts, 2015-16",Drought,More severe or more likely to occur,"""Flash drought over southern Africa was tripled during the last 60 years mainly due to anthropogenic climate change, and it was intensified during 2015/16 in the midst of heat waves.""",https://journals.ametsoc.org/doi/pdf/10.1175/BAMS-ExplainingExtremeEvents2016.1,2015-16
271,230,"Western Europe record low rainfall, December 2016",Drought,More severe or more likely to occur,"""Our study suggests that record-breaking low precipitation over parts of western Europe during December 2016 may have been favored by an unprecedented reduction of Arctic sea ice, likely driven by anthropogenic climate change.""",http://www.ametsoc.net/eee/2017a/ch10_EEEof2017_AcostaNavarro.pdf,2016
272,Rapid study.  231,"Cape Town 'Day Zero' drought, 2015-17",Drought,More severe or more likely to occur,"""While such event today is very rare, with a return time of more than a hundred years, climate change has significantly increased the likelihood of it by about a factor of three""",https://www.worldweatherattribution.org/the-role-of-climate-change-in-the-2015-2017-drought-in-the-western-cape-of-south-africa/,2015-17
273,232,"Somalia drought, 2010-11",Drought,No discernible human influence,"""For the full year Jul–Jun, the risk ratios calculated from observations are consistent with no change in risk between preindustrial times and now…For the second half year period, the risk ratio best estimate is larger than for the first half year and full year, but the 95% CI still encompasses no change since preindustrial times until now.""",https://link.springer.com/article/10.1007%2Fs10584-018-2258-3,2010-11
274,233,"North-east Brazil drought, 2012-16",Drought,Insufficient data/inconclusive,"""Northeast Brazil experienced profound water shortages in 2016 due to a five-year drought. Using multiple methods, we could not find sufficient evidence that anthropogenic climate change increased drought risk.""",https://journals.ametsoc.org/doi/pdf/10.1175/BAMS-D-17-0102.1,2012-16
275,234,"Peru 'extremely wet' March, 2017",Rain & flooding,More severe or more likely to occur,"""While extreme rainfall of March 2017 in Peru was favored by the anomalously warm ocean, human influence is also estimated to make such events at least 1.5 times more likely.""",http://www.ametsoc.net/eee/2017a/ch8_EEEof2017_Christidis.pdf,2017
276,235,"Uruguay river basin floods, April-May 2017",Rain & flooding,More severe or more likely to occur,"""Anthropogenic climate change has increased the risk of the April–May 2017 extreme rainfall in the Uruguay River basin, which has caused extensive flood and major socioeconomic impacts, by at least twofold with a most likely increase of about fivefold.""",http://www.ametsoc.net/eee/2017a/ch9_EEEof2017_Abreu.pdf,2017
277,236,"North-east Bangladesh extreme pre-monsoon rainfall, 2017",Rain & flooding,More severe or more likely to occur,"""Anthropogenic climate change doubled the likelihood of the 2017 pre-monsoon extreme 6-day rainfall event at northeast Bangladesh. The magnitude of this contribution is sensitive to the climatological period in use.""",http://www.ametsoc.net/eee/2017a/ch13_EEEof2017_Rimi.pdf,2017
278,237,"South-east China record June rainfall, 2017",Rain & flooding,More severe or more likely to occur,"""Anthropogenic influence has increased the chance of an extreme heavy precipitation event like that in June 2017 in southeastern China by about twofold, from a 0.6% probability to a 1.2% probability.""",http://www.ametsoc.net/eee/2017a/ch16_EEEof2017_Sun.pdf,2017
279,239,"Extreme rainfall in Yangtze-Huai, China, June-July 2016",Rain & flooding,More severe or more likely to occur,"""Both the 2015/16 strong El Niño and anthropogenic factors contributed to the June–July 2016 extreme precipitation (R20mm, RX5day) in Yangtze–Huai, China. Combined, they increased the risk of the event tenfold.""",https://journals.ametsoc.org/doi/pdf/10.1175/BAMS-ExplainingExtremeEvents2016.1,2016
280,240,"Wuhan extreme rainfall, July 2016",Rain & flooding,More severe or more likely to occur,"""Human-induced warming and El Niño may have substantially increased the probability of the occurrence of such events as the July 2016 extreme precipitation over China’s Wuhan.""",https://journals.ametsoc.org/doi/pdf/10.1175/BAMS-ExplainingExtremeEvents2016.1,2016
281,241,"Yangtze river extreme rainfall, summer 2016",Rain & flooding,More severe or more likely to occur,"""Anthropogenic climate change has increased the risk of 2016 Yangtze River extreme summer rainfall by 17%–59%, and the increase could reach 37%–91% in El Niño years.""",https://journals.ametsoc.org/doi/pdf/10.1175/BAMS-ExplainingExtremeEvents2016.1,2016
282,242,"Extreme flooding in Missouri, December 2015",Rain & flooding,More severe or more likely to occur,"""A regime change in El Nino-Southern Oscillation-related precipitation anomalies appears to have occurred, from being negatively correlated before 1950 to positive and significantly correlated after 1970, suggesting a likely effect of anthropogenic warming on the December 2015 extreme precipitation event.""",https://www.mdpi.com/2073-4441/10/4/350,2015
283,243,"France floods, May-June 2016",Rain & flooding,More severe or more likely to occur,"""The probability of such rainfall has increased over the last century by about a factor of 2.2 (>1.4) on the Seine and 1.9 (>1.5) on the Loire due to anthropogenic emissions.""",https://journals.ametsoc.org/doi/abs/10.1175/JHM-D-18-0074.1,2016
284,245,"UK winter floods, 2013-14",Rain & flooding,More severe or more likely to occur,"""The pooled ensemble results show that emissions are likely to have increased the chance of occurrence of these floods across much of the country.""",https://doi.org/10.1002/joc.5721,2013-14
285,246,"South-eastern Australia extreme rainfall, September 2016",Rain & flooding,No discernible human influence,"""The effect of increasing atmospheric CO2 on the extreme September 2016 rainfall across southeastern Australia was minimal, with changes in circulation and static stability driving a tendency towards drier conditions.""",https://journals.ametsoc.org/doi/pdf/10.1175/BAMS-ExplainingExtremeEvents2016.1,2016
286,247,"South-east Australia record wet winter, 2016",Rain & flooding,No discernible human influence,"""Warmth in the east Indian Ocean increased the likelihood of the record wet July–September in southeast Australia by at least a factor two. The role of climate change was minimal.""",https://journals.ametsoc.org/doi/pdf/10.1175/BAMS-ExplainingExtremeEvents2016.1,2016
287,248,"Failure of southern California 'extreme wetness', winter 2015-16",Rain & flooding,No discernible human influence,"""Failure of heavy rain in Southern California during the 2016 strong El Niño compared to flooding rains during the 1983 strong El Niño does not constitute a climate change effect.""",https://journals.ametsoc.org/doi/pdf/10.1175/BAMS-ExplainingExtremeEvents2016.1,2015-16
288,232,"Colombia extreme rainfall, 2006",Rain & flooding,No discernible human influence,"""We find no significant trend in observations…and we therefore calculate the return period assuming no trend.""",https://link.springer.com/article/10.1007%2Fs10584-018-2258-3,2006
289,Rapid study.  249,"Japan extreme rainfall, July 2018",Rain & flooding,Insufficient data/inconclusive,"""The observational and model evidence agree that climate change has made extremes like the ones observed in 2018 more likely. However, the data on which our observational analysis is based is too noisy to compute by how much.""",https://www.worldweatherattribution.org/a-quick-look-at-the-extreme-rainfall-in-japan/,2018
290,232,"Thailand floods, October-November 2010",Rain & flooding,Insufficient data/inconclusive,"""Compared to pre-industrial times (1880), the frequency of such events [2010 floods] has likely increased; however, due to the limited length of the observational series, the trend is not statistically distinguishable above natural climate variability.""",https://link.springer.com/article/10.1007%2Fs10584-018-2258-3,2010
291,250,"Western Australia severe frosts, September 2016","Cold, snow & ice",More severe or more likely to occur,"""Human influence may have enhanced the circulation pattern that drives cold outbreaks and frost risk over southwest Western Australia in September 2016, but larger thermodynamic changes may have still made these events less likely.""",https://journals.ametsoc.org/doi/pdf/10.1175/BAMS-ExplainingExtremeEvents2016.1,2016
292,251,Sierra Nevada 'extremely wet year' of 2016–17,"Cold, snow & ice","Decrease, less severe or less likely to occur","""Results show that historical warming reduced 2016–2017 Sierra Nevada snow water equivalent by 20% while increasing early‐season runoff by 30%.""",https://agupubs.onlinelibrary.wiley.com/doi/abs/10.1029/2018GL077432,2016
293,252,"Eastern China recod cold event, January 2016","Cold, snow & ice","Decrease, less severe or less likely to occur","""Anthropogenic influences are estimated to have reduced the likelihood of an extreme cold event in midwinter with the intensity equal to or stronger than the record of 2016 in eastern China by about two‑thirds.""",https://journals.ametsoc.org/doi/pdf/10.1175/BAMS-ExplainingExtremeEvents2016.1,2016
294,253,"Eastern China 'super cold surge', 2016","Cold, snow & ice","Decrease, less severe or less likely to occur","""Human influence decreased the probability of a cold surge occurrence in China.""",https://journals.ametsoc.org/doi/pdf/10.1175/BAMS-ExplainingExtremeEvents2016.1,2016
295,254,Europe's 'unusually cold' winter of 2009-10,"Cold, snow & ice","Decrease, less severe or less likely to occur","""Both methods show that the probability of experiencing a winter as cold as 2009/10 has been reduced by approximately a factor of 2 because of anthropogenic changes.""",https://journals.ametsoc.org/doi/abs/10.1175/JCLI-D-17-0589.1?af=R,2009-10
296,232,"Peru 'cold wave', winter 2003","Cold, snow & ice","Decrease, less severe or less likely to occur","""The 2013 cold event has a return period of 17 years (7–75 years). In the past, such cold events happened more often: the risk ratio is 0.08 (0.02–0.21).""",https://link.springer.com/article/10.1007%2Fs10584-018-2258-3,2003
297,255,"Mid-Atlantic snowstorm Jonas, January 2016","Cold, snow & ice",Insufficient data/inconclusive,"""Model simulations indicate that anthropogenic climate change has made extreme snowstorms less likely over the mid-Atlantic United States. Empirical evidence shows no decline since 1901, with recent storms colder than before.""",https://journals.ametsoc.org/doi/pdf/10.1175/BAMS-ExplainingExtremeEvents2016.1,2016
298,Rapid study.  256,"North America cold winter, December 2017-January 2018","Cold, snow & ice",Insufficient data/inconclusive,"""Cold outbreaks like this are getting warmer (less frequent) due to global warming, but cold waves still occur somewhere in North America almost every winter.""",https://www.worldweatherattribution.org/winter-in-north-america-is-cold-dec-2017-jan-2018/,2017
299,257,"Hurricanes Katrina, Irma and Maria, 2005-17",Storm,More severe or more likely to occur,"""We found that, relative to pre-industrial conditions, climate change so far has enhanced the average and extreme rainfall of hurricanes Katrina, Irma and Maria, but did not change tropical cyclone wind-speed intensity.""",https://www.nature.com/articles/s41586-018-0673-2,2005-17
300,258,"Hurricane Harvey, 2017",Storm,More severe or more likely to occur,"""Accordingly, record high ocean heat values not only increased the fuel available to sustain and intensify Harvey but also increased its flooding rains on land. Harvey could not have produced so much rain without human‐induced climate change.""",https://agupubs.onlinelibrary.wiley.com/doi/10.1029/2018EF000825,2017
301,259,"Hurricane Harvey's extreme rainfall in Texas, 2017",Storm,More severe or more likely to occur,"""The 60 member ensemble simulations suggest that post-1980 climate warming could have contributed to the extreme precipitation that fell on southeast Texas during 26–29 August 2017 by approximately 20%, with an interquartile range of 13%–37%.""",https://iopscience.iop.org/article/10.1088/1748-9326/aabb85,2017
302,260,"Atlantic Hurricane season, 2017",Storm,More severe or more likely to occur,"""The results suggest that unusually warm sea surface temperatures in the eastern Main Development Region, together with the long fetch of the resulting storms in the presence of record-breaking ocean heat content may be key factors in driving the strong tropical cyclone activity in 2017.""",https://www.nature.com/articles/s41598-018-34343-5,2017
303,261,"Storm Desmond-like heavy rains in UK, December 2015",Storm,More severe or more likely to occur,"""The overall result of the analysis is similar to the real-time analysis with a best estimate of a 59% increase in event frequency [as a result of climate change].""",https://iopscience.iop.org/article/10.1088/1748-9326/aa9663,2015
304,Rapid study.  262,"Stormy January over western Europe, 2018",Storm,No discernible human influence,"""By analysing a number of climate simulations, we conclude that human-induced climate change has had so far no significant influence on storms like the two studied [Storm Eleanor and Storm Friederike].""",https://www.worldweatherattribution.org/the-stormy-month-of-january-2018-over-western-europe/,2018
305,263,"Western North America enhanced wildfire risk, 2015-16",Wildfire,More severe or more likely to occur,"""Extreme vapor pressure deficits (VPD) have been associated with enhanced wildfire risk. Using one model, we found for 2015/16 that human influences quintupled the risk of extreme VPD for western North America and increased the risk for extratropical Australia.""",https://journals.ametsoc.org/doi/pdf/10.1175/BAMS-ExplainingExtremeEvents2016.1,2015-16
306,263,"Extratropical Australia wildfire risk, 2015-16",Wildfire,More severe or more likely to occur,"""Extreme vapor pressure deficits (VPD) have been associated with enhanced wildfire risk. Using one model, we found for 2015/16 that human influences quintupled the risk of extreme VPD for western North America and increased the risk for extratropical Australia.""",https://journals.ametsoc.org/doi/pdf/10.1175/BAMS-ExplainingExtremeEvents2016.1,2015-16
307,264,Canada's extreme wildfire season of 2017,Wildfire,More severe or more likely to occur,"""We show over 95% of the probability for the observed maximum temperature anomalies is due to anthropogenic factors, that the event's high fire weather/behaviour metrics were made 2–4 times more likely, and that anthropogenic climate change increased the area burned by a factor of 7–11.""",https://agupubs.onlinelibrary.wiley.com/doi/full/10.1029/2018EF001050,2017
308,265,"Eastern Australia record fire weather, February 2017",Wildfire,Insufficient data/inconclusive,"""February 2017 saw a broad region with record fire weather across central-eastern Australia. A hybrid attribution technique using modified observations and a seasonal forecast framework did not give a clear signal as to the influence of increasing atmospheric CO2 on the fire weather.""",http://www.ametsoc.net/eee/2017a/ch21_EEEof2017_Hope.pdf,2017
309,266,"Tasman Sea marine heatwave, 2017-18",Oceans,More severe or more likely to occur,"""Two GCM ensembles indicate that the record sea surface temperatures during the 2017/18 Tasman Sea marine heatwave were virtually impossible without anthropogenic influence. However, natural variability was important in the atmospheric initiation of the event.""",http://www.ametsoc.net/eee/2017a/ch20_EEEof2017_Perkins.pdf,2017-18
310,267,"Marine heatwaves, 1861–2100",Oceans,More severe or more likely to occur,"""Today, 87 per cent of MHWs are attributable to human-induced warming, with this ratio increasing to nearly 100 per cent under any global warming scenario exceeding 2 degrees Celsius.""",https://www.nature.com/articles/s41586-018-0383-9,1861
311,268,"Extreme El Niño, 2015-16",Oceans,More severe or more likely to occur,"""Record warm central equatorial Pacific Ocean temperatures during the 2015/16 El Niño appear to partly reflect an anthropogenically forced trend. Whether they reflect changes in El Niño variability remains uncertain.""",https://journals.ametsoc.org/doi/pdf/10.1175/BAMS-ExplainingExtremeEvents2016.1,2015-16
312,270,"California current extreme ocean temperatures, 2016",Oceans,More severe or more likely to occur,"""Significant impacts on California Current living marine resources in 2016 resulted from sustained extremely high ocean temperatures forced by a confluence of natural drivers and likely exacerbated by anthropogenic warming.""",https://journals.ametsoc.org/doi/pdf/10.1175/BAMS-ExplainingExtremeEvents2016.1,2016
313,271,"Alaska marine heatwave, 2016",Oceans,More severe or more likely to occur,"""The 2016 Alaska marine heat wave was unprecedented in terms of sea surface temperatures and ocean heat content, and CMIP5 data suggest human-induced climate change has greatly increased the risk of such anomalies.""",https://journals.ametsoc.org/doi/pdf/10.1175/BAMS-ExplainingExtremeEvents2016.1,2016
314,272,"Northern Australia marine heatwave, 2016",Oceans,More severe or more likely to occur,"""Two of the longest and most intense marine heat waves in 2016 were up to fifty times more likely due to anthropogenic climate change.""",https://journals.ametsoc.org/doi/pdf/10.1175/BAMS-ExplainingExtremeEvents2016.1,2016
315,272,"Bering Sea/Gulf of Alaska heatwave, 2016",Oceans,More severe or more likely to occur,"""Two of the longest and most intense marine heat waves in 2016 were up to fifty times more likely due to anthropogenic climate change.""",https://journals.ametsoc.org/doi/pdf/10.1175/BAMS-ExplainingExtremeEvents2016.1,2016
316,273,"Mid-tropospheric perturbation' associated with West Virginia floods, June 2016",Atmosphere,More severe or more likely to occur,"""We report a discernable, potentially pronounced subseasonal change in the MP [mid-tropospheric perturbations] climatology associated with the changing climate of North America.""",https://link.springer.com/article/10.1007/s00382-018-4472-0,2016
317,218,"France's 'exceptionally warm December' (circulation), 2015",Atmosphere,No discernible human influence,December 2015 in France was an extreme of circulation and temperature. Both circulation and climate change partly explain the 4°C anomaly. We found no link between climate change and circulation.,https://journals.ametsoc.org/doi/pdf/10.1175/BAMS-ExplainingExtremeEvents2016.1,2015
318,274,"Anticyclonic stagnation over Western Europe, December 2016",Atmosphere,Insufficient data/inconclusive,"""Climate simulations suggest a potential increase in frequency of stagnant wintertime conditions that prevailed over northwestern Europe in December 2016: it is significant in one multimodel ensemble but not in two single-model ensembles.""",https://journals.ametsoc.org/doi/pdf/10.1175/BAMS-ExplainingExtremeEvents2016.1,2016
319,275,"North-east China hot & dry spring/summer, 2017",Compound,More severe or more likely to occur,"""Anthropogenic climate change has increased the risk of 2017 northeast China persistent spring–summer hot and dry extremes by 5%–55% and 37%–113% respectively.""",http://www.ametsoc.net/eee/2017a/ch17_EEEof2017_Yuan.pdf,2017
320,276,"Thailand hot & dry April, 2016",Compound,More severe or more likely to occur,"""The record temperature of April 2016 in Thailand would not have occurred without the influence of both anthropogenic forcings and El Niño, which also increased the likelihood of low rainfall.""",https://journals.ametsoc.org/doi/pdf/10.1175/BAMS-ExplainingExtremeEvents2016.1,2016
321,277,"Texas drought/heatwave, summer 2011",Compound,More severe or more likely to occur,"""The evidence is strong that the probability of an extreme heatwave is much greater with anthropogenic influence than without…[and for drought] we see evidence for a RR [risk ratio] greater than one, with our best estimate of a RR of about two at a variety of event definitions.""",https://www.sciencedirect.com/science/article/pii/S2212094717300841#sec7,2011
322,269,Ecological impacts of 2015-16 El Niño in Central Pacific,Impact,More severe or more likely to occur,"""Coral reef and seabird communities in the central equatorial Pacific were disrupted by record-setting sea surface temperatures, linked to an anthropogenically forced trend, during the 2015/16 El Niño.""",https://journals.ametsoc.org/doi/pdf/10.1175/BAMS-ExplainingExtremeEvents2016.1,2015-16
323,278,Great Barrier Reef record 2016 coral bleaching,Impact,More severe or more likely to occur,"""Anthropogenic greenhouse gases likely increased the risk of the extreme Great Barrier Reef bleaching event through anomalously high sea surface temperature and the accumulation of thermal stress.""",https://journals.ametsoc.org/doi/pdf/10.1175/BAMS-ExplainingExtremeEvents2016.1,2016
324,229,"Enhancement of El Niño contributing to Southern Africa poor harvests, 2016",Impact,More severe or more likely to occur,"""A 40-member CESM LE ensemble indicates that climate change likely increased the intensity of the 2015/16 El Niño, contributing to further decreases in SA precipitation, crop production and food availability.""",https://journals.ametsoc.org/doi/pdf/10.1175/BAMS-ExplainingExtremeEvents2016.1,2016
325,279,"Japan high temperature event, July 2018",Heat,More severe or more likely to occur,"""The event attribution approach based on the large-ensemble simulations with and without human-induced climate change indicated the following: (1) The event would never have happened without anthropogenic global warming.""",https://www.jstage.jst.go.jp/article/sola/15A/0/15A_15A-002/_article/-char/en,2018
326,280,"Concurrent hot extremes across northern hemisphere, 2018",Heat,More severe or more likely to occur,"""Based on Earth System Model simulations, we show that it is virtually certain…that the 2018 north hemispheric concurrent heat events would not have occurred without human‐induced climate change""",https://agupubs.onlinelibrary.wiley.com/doi/full/10.1029/2019EF001189,2018
327,281,"Iberian heatwave, summer 2018",Heat,More severe or more likely to occur,"""August 2018 saw the warmest Iberian heatwave since that of 2003. Recent climate change has exacerbated this event making it at least »1°C warmer than similar events since 1950–83.""",http://ametsoc.net/eee/2018/6_Barriopedro0159.pdf,2018
328,282,"Northern European summer heatwave, 2018",Heat,More severe or more likely to occur,"""A heatwave struck Northern Europe in summer 2018. The probability of this event increased with human-induced climate change. The properties of the atmospheric circulation are not deemed to change.""",http://ametsoc.net/eee/2018/7_Yiou0170_w.pdf,2018
329,283,"Europe 'summer warm spell', 2018",Heat,More severe or more likely to occur,"""We find that several European regions experienced season-long heat-events with a present-day return period greater than 10 years. The present-day likelihood of such events occurring is approximately 10 to 100 times greater than a ""natural"" climate.""",http://ametsoc.net/eee/2018/8_Leach0201_w.pdf,2018
330,284,"North-east China summer extreme heat, 2018",Heat,More severe or more likely to occur,"""The probability of the record-breaking summer heat of 2018 over Northeast China was increased by a combination of human-caused climate change influences on thermodynamics and circulation, and urbanization.""",http://ametsoc.net/eee/2018/13_Zhou0197_w.pdf,2018
331,285,"North-east Asia summer heatwave, 2018",Heat,More severe or more likely to occur,"""The Northeast Asian 2018 heatwave is an unlikely event without anthropogenic forcing; only two have occurred over the last 40 years. By 2050 they will become 1-in-4-yr events.""",http://ametsoc.net/eee/2018/14_Hsu0156_w.pdf,2018
332,286,"North-east China nighttime heatwave, summer 2018",Heat,More severe or more likely to occur,"""Persistent night-time heat waves like the event of summer 2018 in Northeast China are extremely rare (about a one-in-a-500-year event) in the natural world, but now have become about a one-in-60-year event with anthropogenic warming.""",http://ametsoc.net/eee/2018/15_DWang0152.pdf,2018
333,287,"South Korea 'summer longest heatwave', 2018",Heat,More severe or more likely to occur,"""High-resolution large-ensemble simulations indicate that human activities have at least quadrupled the probability of occurrence of the extremely long-lasting heat waves over South Korea as observed in 2018 summer.""",http://ametsoc.net/eee/2018/18_Min0151.pdf,2018
334,288,"US Four Corners drought, 2018",Drought,More severe or more likely to occur,"""Human-induced (HI) warming increased Four Corners’ vapor pressure deficits and reduced the Normalized Difference Vegetation Index by ~18%–30%. Without HI warming, March snow water equivalent would have been ~20% higher'",https://ametsoc.net/eee/2018/3_Williams0187.pdf,2018
335,289,"South China late spring drought, 2018",Drought,More severe or more likely to occur,"""HadGEM3-A indicates that anthropogenic forcing has increased the likelihood of the 2018 late spring drought in South China approximately 17 times, and such events do not occur in CAM5 without human influence.""",http://ametsoc.net/eee/2018/11_Zhang0202.pdf,2018
336,290,"Record-breaking consecutive dry days in Beijing, winter 2017-18",Drought,More severe or more likely to occur,"""The record long dry period over Beijing during winter 2017/18 was made more likely by a combination of La Niña, a weak Arctic polar vortex, and long-term anthropogenic warming.""",http://ametsoc.net/eee/2018/17_Wang0139.pdf,2017-18
337,291,"European drought, 2016-17",Drought,More severe or more likely to occur,"""We also show that recent trends, including those in temperature, have exacerbated the severity of the July 2016 - June 2017 drought event, and that the role of AED [atmospheric evaporative demand] was key in hitting record values, at least in the south.""",https://journals.ametsoc.org/doi/abs/10.1175/JCLI-D-18-0331.1?journalCode=clim,2016-17
338,292,"US 'hot droughts', 1850-2000",Drought,More severe or more likely to occur,"""We find that anthropogenic warming leads to enhanced soil moisture–temperature coupling in water-limited areas of the southern Great Plains and/or southwestern United States and consequently amplifies the intensity of extreme heat waves during severe droughts.""",https://journals.ametsoc.org/doi/abs/10.1175/JCLI-D-18-0611.1,1850-2000
339,293,"Mid-Atlantic US floods, May-September 2018",Rain & flooding,More severe or more likely to occur,"""Exceptional January–September total precipitation contributed to flooding across the mid-Atlantic United States from May to September 2018, and was made 1.1 to 2.3 times more likely by anthropogenic climate change.""",https://ametsoc.net/eee/2018/2_Winter0172.pdf,2018
340,294,"Central western China daily rainfall extremes, summer 2018",Rain & flooding,More severe or more likely to occur,"""Anthropogenic forcing…increased [the probability] of daily extremes by ~1.5 times, based on HadGEM3-GA6 ensembles.""",http://ametsoc.net/eee/2018/12_Li0147.pdf,2018
341,295,"Japan heavy rainfall event, July 2018",Rain & flooding,More severe or more likely to occur,"""The unprecedented precipitation total in Japan during the heavy rain event of July 2018 was increased by approximately 7% due to recent rapid warming around Japan.""",http://ametsoc.net/eee/2018/19_Kawase0173.pdf,2018
342,296,"Global daily rainfall extremes, 1964-2013",Rain & flooding,More severe or more likely to occur,"""Our analysis covers the 1964–2013 period, when the global warming accelerated, and reveals…increasing trends in the frequency of daily precipitation extremes that are highly unlikely under the assumption of stationarity.""",https://agupubs.onlinelibrary.wiley.com/doi/abs/10.1029/2018WR024067,1964-2013
343,297,"High rainfall in Mozambique, Zimbabwe and Zambia, February 2018",Rain & flooding,"Decrease, less severe or less likely to occur","""This multi-method study of high precipitation over parts of Mozambique, Zimbabwe and parts of Zambia in February 2018 indicates decreased likelihood of such events due to climate change, but with substantial uncertainty based on the used observations and models.""",http://ametsoc.net/eee/2018/9_Fuckar0162_w.pdf,2018
344,294,"Central western China persistent heavy rainfall, summer 2018",Rain & flooding,"Decrease, less severe or less likely to occur","""Anthropogenic forcing has reduced the probability of summer persistent heavy rainfall in central western China similar to 2018 by ~47%…based on HadGEM3-GA6 ensembles.""",http://ametsoc.net/eee/2018/12_Li0147.pdf,2018
345,298,"Upper Yellow river basin extreme floods, 2018",Rain & flooding,"Decrease, less severe or less likely to occur","""Anthropogenic climate change, reservoir operation, and land cover change have decreased the risk of 2018 extreme summer flooding by 34%, 45%, and 11% respectively.""",http://ametsoc.net/eee/2018/16_Yuan0105.pdf,2018
346,299,"Bangladesh floods, 2017",Rain & flooding,Insufficient data/inconclusive,"""The change in risk of high precipitation that has occurred since pre-industrial times is therefore uncertain…The attribution of the change in discharge is therefore somewhat less uncertain than for precipitation, but the 95 % CI still encompasses no change in risk.""",https://www.hydrol-earth-syst-sci.net/23/1409/2019/,2017
347,300,"Tasmania '1-day extreme rainfall event', May 2018",Rain & flooding,Insufficient data/inconclusive,"""Attribution of an extreme magnitude 1-day rainfall event in Hobart is inhibited by small sample size. For moderate magnitude Hobart daily rainfall extremes, models suggest that the associated extratropical lows will deliver more rainfall with weaker pressure anomalies in a warmer world.""",https://journals.ametsoc.org/doi/10.1175/BAMS-D-19-0219.1,2018
348,301,"Bering Sea record low sea ice extent, 2018","Cold, snow & ice",More severe or more likely to occur,"""Record low Bering Sea sea ice in 2018 had profound regional impacts. According to climate models, human-caused warming was an overwhelmingly likely contributor, and such low levels will likely be typical by the 2040s.""",http://ametsoc.net/eee/2018/10_Thoman0175.pdf,2018
349,302,UK 'extremely cold start' to spring 2018,"Cold, snow & ice","Decrease, less severe or less likely to occur","""Observational and model analyses suggest a 6- and 12-fold increase in the likelihood of extremely cold days in March in central England, as in year 2018, without anthropogenic climate change.""",http://ametsoc.net/eee/2018/5_Christidis0084.pdf,2018
350,303,"Hurricane Maria 'extreme rainfall' over Puerto Rico, 2017",Storm,More severe or more likely to occur,"""Within the most affected areas it is likely that the probability of precipitation of Maria's magnitude has increased by a factor greater than 1 (best estimate 4.85) as a result of long‐term climate trends.""",https://agupubs.onlinelibrary.wiley.com/doi/10.1029/2019GL082077,2017
351,Rapid study.  304,"Tropical Storm Imelda 'extreme rainfall' over Texas, 2019",Storm,More severe or more likely to occur,"""We conclude that two-day extreme precipitation events along the Gulf Coast as intense as observed on 19–20 September 2019 or higher have become 1.6 to 2.6 times more likely due to anthropogenic climate change, or 9% to 17% more intense.""",https://www.worldweatherattribution.org/rapid-attribution-of-the-extreme-rainfall-in-texas-from-tropical-storm-imelda/,2019
352,305,"US hurricane damages, 1900-2018",Storm,More severe or more likely to occur,"""Our data reveal an emergent positive trend in damage, which we attribute to a detectable change in extreme storms due to global warming.""",https://www.pnas.org/content/116/48/23942,1900-2018
353,306,"Typhoon Morakot's extreme rainfall, 2009",Storm,More severe or more likely to occur,"The study ""indicates that the anthropogenic climate change works to enhance Morakot’s overall rainfall by 2.5-3.6%. Rainfall of individual days during the simulation period also shows consistent increase by 0.4-6.5%.""",https://rmets.onlinelibrary.wiley.com/doi/abs/10.1002/joc.6030,2009
354,307,"Queensland fire weather, 2018",Wildfire,More severe or more likely to occur,"""Factors including the circulation pattern and antecedent conditions contributed to 2018 northeast Australian fires. High background temperatures also played a role for which model evidence suggests an anthropogenic influence.""",http://ametsoc.net/eee/2018/20_Lewis0144.pdf,2018
355,308,"California wildfires, 1972-2018",Wildfire,More severe or more likely to occur,"""During 1972–2018, California experienced a fivefold increase in annual burned area, mainly due to more than an eightfold increase in summer forest‐fire extent. Increased summer forest‐fire area very likely occurred due to increased atmospheric aridity caused by warming.""",https://agupubs.onlinelibrary.wiley.com/doi/full/10.1029/2019EF001210,1972-2018
356,309,"El Niño variability intensification, 1966–2016",Oceans,More severe or more likely to occur,"""[The results] imply that ENSO extremes of the last 50 years are significantly stronger than those of the pre‐industrial era in the central tropical Pacific. These records suggest that El Niño events already may be intensifying due to anthropogenic climate change.""",https://agupubs.onlinelibrary.wiley.com/doi/10.1029/2019GL083906,1966
357,310,"Beijing's 'Airpocalypse', January 2013",Atmosphere,More severe or more likely to occur,"""We find that anthropogenic influence has had a small effect on the probability of the January 2013 event in all three indices but has increased the probability of a long‐term positive trend in two out of three indices.""",https://agupubs.onlinelibrary.wiley.com/doi/abs/10.1029/2018JD029738,2013
358,311,"Global heat-related deaths, 1900-2020",Impact,More severe or more likely to occur,"""Human-induced warming that leads to an increase in heat-related deaths has reached about a degree in all continents…All regions currently experience at least 10 additional days per year when thermal deaths are expected to occur.""",https://rmets.onlinelibrary.wiley.com/doi/10.1002/joc.6104,1900-2020
359,312,"India's hottest regional summer, 2010",Heat,More severe or more likely to occur,"""Overall, the observed hottest summer in 2010 can be attributed to anthropogenic warming with high confidence.""",https://iopscience.iop.org/article/10.1088/1748-9326/ab7555,2010
360,313,"Unprecedented Europe heat, June-July 2019",Heat,More severe or more likely to occur,"""We find that anthropogenic climate change has caused a sevenfold increase in the likelihood of the extreme heat over 1950–2014 climate, and even a 23‐fold increase since 1980s.""",https://agupubs.onlinelibrary.wiley.com/doi/abs/10.1029/2020GL087809,2019
361,314,"US 'Dust-Bowl' heatwaves, 1930s",Heat,More severe or more likely to occur,"""We use a large-ensemble regional modelling framework to show that GHG increases caused slightly enhanced heatwave activity over the eastern United States during 1934 and 1936.""",https://www.nature.com/articles/s41558-020-0771-7,
362,315,"Global and continental temperature extremes, 1951–2018",Heat,More severe or more likely to occur,"""Analyses that involve signals from anthropogenic and natural external forcings confirm that the anthropogenic signal can be detected over global land as a whole and for most continents in all temperature indices.""",https://iopscience.iop.org/article/10.1088/1748-9326/ab8497,1951
363,316,Record-breaking June and July 2019 heatwaves in Western Europe,Heat,More severe or more likely to occur,"""We demonstrate that these short and intense events would have had extremely small odds in the absence of human-induced climate change, and equivalently frequent events would have been 1.5C to 3C colder.""",https://iopscience.iop.org/article/10.1088/1748-9326/aba3d4,2019
364,317,"Sweden's extremely warm summer, 2018",Heat,More severe or more likely to occur,"""Anthropogenic climate change has strongly increased the probability of a warm summer, such as the one observed 2018, occurring in Sweden.""",https://esd.copernicus.org/articles/11/1107/2020/,2018
365,318,"France heatwave, July 2019",Heat,More severe or more likely to occur,"""Both the probability and the intensity of that event have increased significantly in response to human influence. Remarkably, we find that the heat wave considered might not have been possible without climate change.""",https://ascmo.copernicus.org/articles/6/205/2020/,2019
366,319,"East China's hottest spring, 2018",Heat,More severe or more likely to occur,"""Quantitative estimates of the probability ratio show that anthropogenic forcing may have increased the chance of this event by 10-fold.""",https://link.springer.com/article/10.1007/s00376-020-0088-5,2018
367,320,"Scotland heatwave, 2018",Heat,More severe or more likely to occur,"""Anthropogenic climate change since 1850 has made all these high-temperature extremes more likely.""",https://iopscience.iop.org/article/10.1088/1748-9326/ab6999,2018
368,321,"UK local temperatures exceeding 30, 35 and 40C, 1960-2019",Heat,More severe or more likely to occur,"""Compared with the natural world, there are now more areas likely to see temperatures exceeding 30 or 35C, while the 40C threshold is still very rare, even in the southeast.""",https://www.nature.com/articles/s41467-020-16834-0,1960-2019
369,322,"Global temperature extremes, 1951-2010",Heat,More severe or more likely to occur,"""Our analyses show human influences on temperature extremes at the subcontinental scale.""",https://www.tandfonline.com/doi/full/10.1080/01621459.2020.1730852,1951-2010
370,Rapid study.  323,"Siberian heatwave, 2020",Heat,More severe or more likely to occur,"""The results showed with high confidence that the January to June 2020 prolonged heat was made at least 600 times more likely as a result of human-induced climate change.""",https://www.worldweatherattribution.org/siberian-heatwave-of-2020-almost-impossible-without-climate-change/,2020
371,324,"Cedar Rapids flooding, 2008",Rain & flooding,More severe or more likely to occur,"""Compared to the baseline scenario with the external forcing removed, this event was ∼1.28-fold larger in flood extent, an approximate 3.4-time larger in the number of affected buildings, and an estimated 5.8- and 7.1-time larger in structural and content damage, respectively.""",https://iopscience.iop.org/article/10.1088/1748-9326/abc5e5,2008
372,325,Record-breaking summer heat in north-east Asia,Heat,Insufficient data/inconclusive,"""We are also unable to attribute these changes solely to climate change due to the limitation of 60 years of data.""",https://iopscience.iop.org/article/10.1088/1748-9326/ab8032,
373,326,Cape Town's 'Day Zero' drought,Drought,More severe or more likely to occur,"""We find that anthropogenic climate change increased the likelihood of the 2015–2017 rainfall deficit by a factor of five to six.""",https://www.pnas.org/cgi/doi/10.1073/pnas.2009144117,
374,327,"Agricultural drought in the Netherlands, 1951–2019",Drought,More severe or more likely to occur,"""A trend in agricultural drought…is driven by strong trends in temperature and global radiation rather than a trend in precipitation, resulting in an overall trend in potential evapotranspiration…At least half of this can be attributed to human induced climate change.""",https://iopscience.iop.org/article/10.1088/1748-9326/ab97ca,1951
375,328,"Global observed extreme precipitation, 1951-2015",Rain & flooding,More severe or more likely to occur,"""Results indicate that anthropogenic greenhouse gas influence is robustly detected in the observed intensification of extreme precipitation over the global land and most of the subregions considered.""",https://agupubs.onlinelibrary.wiley.com/doi/10.1029/2019GL086875,1951-2015
376,329,"North America extreme precipitation, 1961-2010",Rain & flooding,More severe or more likely to occur,"""We conclude that external forcing, dominated by human influence, has contributed to the increase in frequency and intensity of regional precipitation extremes in North America.""",https://www.pnas.org/content/early/2020/05/26/1921628117,1961-2010
377,330,"Record-breaking heavy rainfall over western Japan, July 2017",Rain & flooding,More severe or more likely to occur,"""[Result for events like 2017] indicates that the return period (probability) of daily maximum rainfall changed from 53.5 years to 36.0 years due to global warming.""",https://www.nature.com/articles/s41612-020-00141-y,2017
378,330,"Record-breaking heavy rainfall over western Japan, July 2018",Rain & flooding,More severe or more likely to occur,"""The threshold of 72-h rainfall was estimated to have 20.7-year return period under the realistic 2018 climatic conditions, but would have a 68.0-year return period under counterfactual conditions free of human-induced climate change.""",https://www.nature.com/articles/s41612-020-00141-y,2018
379,331,"Flooding on the Lancang-Mekong River Basin, 2008–16",Rain & flooding,More severe or more likely to occur,"""Compared with the baseline period of 1985–2007…climate change increased the magnitude and frequency of the flood by up to 14% and 45%, respectively.""",https://www.sciencedirect.com/science/article/pii/S002216942030932X,2008
380,332,"Mid-lower Yangtze River 2-day rainfall extremes, July 2019",Rain & flooding,More severe or more likely to occur,"""Anthropogenic warming has reduced the likelihood of 2019-like 14-days heavy precipitation over the mid–lower reaches of the Yangtze River by 20%, but increased that of 2-days extremes by 30%.""",https://www.frontiersin.org/articles/10.3389/fenvs.2020.603061/full,2019
381,333,"Heavy rainfall in Kinugawa, 2015",Rain & flooding,More severe or more likely to occur,"""These results indicate the high probability of intensification of Kinugawa heavy rainfall by anthropogenic GHG emissions.""",https://www.mdpi.com/2073-4433/11/2/220/htm,2015
382,334,"China summer rainfall, 1961-2012",Rain & flooding,More severe or more likely to occur,"""Changes attributable to anthropogenic forcing explain most of the observed regional changes for all categories of summer precipitation, and natural forcing contributes little.""",https://journals.ametsoc.org/view/journals/clim/33/13/jcli-d-19-0285.1.xml,1961-2012
383,335,"Global rainfall extremes, 1951-2014",Rain & flooding,More severe or more likely to occur,"""An optimal fingerprinting analysis reveals detectable anthropogenic signals in the observations of these indices averaged over the globe and over most continents.""",https://journals.ametsoc.org/view/journals/clim/34/3/JCLI-D-19-1017.1.xml,1951-2014
384,332,"Mid-lower Yangtze River 14-day rainfall extremes, July 2020",Rain & flooding,"Decrease, less severe or less likely to occur","""Anthropogenic warming has reduced the likelihood of 2019-like 14-days heavy precipitation over the mid–lower reaches of the Yangtze River by 20%, but increased that of 2-days extremes by 30%.""",https://www.frontiersin.org/articles/10.3389/fenvs.2020.603061/full,2020
385,336,"NZ glacier ice loss events, 2011 & 2018","Cold, snow & ice",More severe or more likely to occur,"""We estimate extreme mass loss was at least six times (2011) and ten times (2018) (>90% confidence) more likely to occur with anthropogenic forcing than without.""",https://www.nature.com/articles/s41558-020-0849-2,2011
386,337,"Northern hemisphere intense snowfall events, 1979-2020","Cold, snow & ice",More severe or more likely to occur,"""The increased anthropogenic activity in the past decades is partly responsible for the increase in intense snowfall events"" over most parts of Asia, North America, and Greenland.",https://iopscience.iop.org/article/10.1088/1748-9326/abbc93,1979-2020
387,338,"Extreme cold events over south-east China, 1960-2017","Cold, snow & ice",No discernible human influence,"""Our analysis indicates that even if cold events are likely to have been reduced due to greenhouse gases, trends cannot be attributed with high confidence to any anthropogenic signal alone.""",https://agupubs.onlinelibrary.wiley.com/doi/full/10.1029/2020JD033447,1960-2017
388,339,"Marine heatwaves, 1981-2017",Oceans,More severe or more likely to occur,"""We show that the occurrence probabilities of the duration, intensity, and cumulative intensity of most documented, large, and impactful MHWs have increased more than 20-fold as a result of anthropogenic climate change.""",https://science.sciencemag.org/content/369/6511/1621,1981-2017
389,340,"Hurricane Florence, 2018",Storm,More severe or more likely to occur,"""The extreme rainfall was increased by up to 10%, and the fraction of rainfall accumulations of more than 30 inches was increased by more than 7% of what it would have been without climate change."" & ""The maximum size of Hurricane Florence [was] about 9 km larger in mean maximum diameter (or a 1.6% increase in storm area) due to climate change.""",https://advances.sciencemag.org/content/6/1/eaaw9253,2018
390,341,"Global tropical cyclone frequency trends, 1980-2018",Storm,More severe or more likely to occur,"""We found that external forcing (i.e., greenhouse gases, aerosols, and volcanic eruptions) played an important role in the observed TCF [Tropical Cyclone Frequency] trends since 1980.""",https://www.pnas.org/content/117/20/10706,1980-2018
391,342,"Typhoon translation speeds in mid-latitudes in September, 1980-2019",Storm,"Decrease, less severe or less likely to occur","""[The findings] reveal two main factors responsible for translation speed slowdown: natural decadal climate variabilities (such as the Pacific Decadal Oscillation) and global warming.""",https://www.jstage.jst.go.jp/article/jmsj/advpub/0/advpub_2020-068/_article/-char/en,1980-2019
392,330,"Tropical-cyclone-induced heavy rainfall over western Japan, July 1993",Storm,No discernible human influence,"""The tropical-cyclone-induced extreme rainfall…was not attributable to anthropogenic climate change because the occurrence of heavy rainfall depended more on the TC approach rather than on the moisture increase due to global warming.""",https://www.nature.com/articles/s41612-020-00141-y,1993
393,343,"California extreme autumn wildfire conditions, since 1950",Wildfire,More severe or more likely to occur,"""We find an increase in the climate model-estimated probability of these extreme autumn conditions since ~1950, including a long-term trend toward increased same-season co-occurrence of extreme fire weather conditions in northern and southern California.""",https://iopscience.iop.org/article/10.1088/1748-9326/ab83a7,1950
394,344,"Colorado River discharge deficit, 2000-17",River flow,"Decrease, less severe or less likely to occur","""If we set temperature every year to its climatology, the model yields a discharge trend [for 1913-2017] of −8.4%/century and a discharge deficit [for 2000-17] of −8.1%. We conclude that temperature sensitivity accounts for more than half of both drying phenomena, consistent with a previous analysis.""",https://science.sciencemag.org/content/367/6483/1252,2000-17
395,345,"Summer hot drought events over north-eastern China, 1961-2005",Compound,More severe or more likely to occur,"""Based on the optimal fingerprinting method, the impact of increased anthropogenic activities can be detected at the 90% confidence level.""",https://agupubs.onlinelibrary.wiley.com/doi/full/10.1029/2019EA000836,1961-2005
396,346,"Economic costs of New Zealand droughts, 2007-17",Impact,More severe or more likely to occur,"""With a FAR [fraction of attributable risk] of 20%, this yields excess costs of the drought due to anthropogenic climate change of NZ$300M.""",https://link.springer.com/article/10.1007%2Fs10584-020-02729-y,2007-17
397,347,"Economic costs of New Zealand floods, 2007-17",Impact,More severe or more likely to occur,"""We estimate that major-flood insured costs attributable to anthropogenic influence on climate are currently somewhere in the vicinity of $140M for this decade.""",https://link.springer.com/article/10.1007%2Fs10584-020-02729-y,2007-17
398,348,Economic costs of Hurricane Harvey,Impact,More severe or more likely to occur,"""With an average estimate of damages from Harvey assessed at about US$90bn, applying this fraction [of attributable risk] gives a best estimate of US$67bn, with a likely lower bound of at least US$30bn, of these damages that are attributable to the human influence on climate.""",https://link.springer.com/article/10.1007/s10584-020-02692-8,
399,349,"Biological responses to Elbe River floodplain flooding & heatwaves, 2002-13",Impact,No discernible human influence,"""Our ability to attribute these responses to anthropogenic climate change is limited by high natural variability in climate and biological data; lack of long-term data and replication, and the effects of multiple events.""",https://www.nature.com/articles/s41598-020-70901-6,2002-13
400,Rapid study.  350,"UK's third warmest year on record, 2020",Heat,More severe or more likely to occur,"Including climate change, the ""likelihood estimate increases by around a factor of 50, to 56% (range 53–58%). This suggests that we now expect a year as warm as 2020 every other year.""",https://www.carbonbrief.org/met-office-a-review-of-the-uks-climate-in-2020,2020
401,351,"UK extremely warm days, winter 2018-19",Heat,More severe or more likely to occur,"""Extremely warm winter days in central England, as in 2018/19, are still very rare, but human influence is estimated to have made them about 300 times more likely.""",https://www.ametsoc.net/eee/2019/EEEin2019.pdf,2018-19
402,352,"Southern China record-breaking rainfall and temperature event, summer 2020",Heat,More severe or more likely to occur,"""[H]ot events similar to the 2020 event cannot occur under past climate, while those reaching or exceeding a one standard deviation threshold increased from 0.58% under past climate conditions to 68.83% under the present climate, 99% of which can be attributed to climate change.""",https://iopscience.iop.org/article/10.1088/1748-9326/abeeaf,2020
403,353,"Increasing extreme temperatures in China, 1951-2018",Heat,More severe or more likely to occur,"""[We] show that anthropogenic forcing is the main driver for these changes…GHG forcing plays a dominant role, accounting for about 1.6 (1.1–2) times of observed warming in changes of most indices, while the AA offset about 35% (10–60%) of GHG induced warming for warm extremes.""",https://rmets.onlinelibrary.wiley.com/doi/10.1002/joc.7402?af=R,1951-2018
404,354,European heatwave of February 2019,Heat,More severe or more likely to occur,"""The direct CO2 effect increases the probability of the event over all European regions"" (And specifically by 42% for the UK, at least 100% for France and 7% for the Mediterranean.)",https://www.pnas.org/doi/10.1073/pnas.2112087118,2019
405,355,"Global hot extremes, 1850-2014",Heat,More severe or more likely to occur,"""[T]hese simulations suggest that many areas of the globe — particularly in the tropics, sub-tropics, and northern-hemisphere high latitudes — have already moved into a climate where the hottest daily-, seasonal- and annual-scale conditions would not have occurred in thousands of years without anthropogenic forcings.""",https://iopscience.iop.org/article/10.1088/1748-9326/ac2f1a,1850-2014
406,357,Siberia extreme heat of 2020,Heat,More severe or more likely to occur,"""[W]ithout human influence the temperatures widely experienced in Siberia in the first half of 2020 would have been practically impossible.""",https://link.springer.com/article/10.1007/s10584-021-03052-w,2020
407,358,Record Australian heat event of October 2015,Heat,More severe or more likely to occur,"""We find that about half of the October 2015 Australia-wide temperature anomaly is due to the increase in atmospheric CO2 since 1960.""",https://journals.ametsoc.org/view/journals/clim/34/4/JCLI-D-19-1021.1.xml,2015
408,359,"Global extreme temperature changes, 1951-2015",Heat,More severe or more likely to occur,"""Greenhouse gas signals are detected in isolation from other external forcings over global, continental, and several subcontinental domains especially for warm extremes, explaining most of the observed warming.""",https://journals.ametsoc.org/view/journals/clim/34/3/JCLI-D-19-1023.1.xml,1951-2015
409,360,European summer heatwave of 2003,Heat,More severe or more likely to occur,"""[T]he effect of climate change was to increase temperatures across Europe by about the global-mean warming level throughout the summer, and the heatwave was simply the dynamical event riding on top of that.""",https://nhess.copernicus.org/articles/21/171/2021/,2003
410,360,Russian summer heatwave of 2010,Heat,More severe or more likely to occur,"""[T]he effect of climate change was much higher than the global warming level and was particularly enhanced, approximately threefold, during the peak of the heatwave.""",https://nhess.copernicus.org/articles/21/171/2021/,2010
411,Rapid study.  361,"Europe's record hot summer, 2021",Heat,More severe or more likely to occur,"""The calculations showed that the record-breaking summer season in Europe would have been almost impossible without human influence.""",https://www.metoffice.gov.uk/about-us/press-office/news/weather-and-climate/2021/2021-european-summer-temperature-impossible-without-climate-change,2021
412,Rapid study.  362,"Western North American extreme heat, June 2021",Heat,More severe or more likely to occur,"""Based on observations and modeling, the occurrence of a heatwave with maximum daily temperatures (TXx) as observed…was virtually impossible without human-caused climate change.""",https://www.worldweatherattribution.org/western-north-american-extreme-heat-virtually-impossible-without-human-caused-climate-change/,2021
413,363,"Record-breaking low sunshine on the Yangtze Plain, January-February 2019",Sunshine,More severe or more likely to occur,"""The record-low January–February 2019 sunshine in the Middle-Lower Yangtze Plain was favored by a circulation pattern, while anthropogenic aerosols and greenhouse gases increased their probability in recent decades by 3.1 and 1.3 times, respectively.""",https://www.ametsoc.net/eee/2019/EEEin2019.pdf,2019
414,364,"Europe increasingly dry summers, 1900-2020",Drought,More severe or more likely to occur,"""Using the SPI and SPEI indices defined relative to a climate without the effect of human activity we demonstrate that anthropogenic forcings drive marked changes in European wet and dry summers.""",https://www.sciencedirect.com/science/article/pii/S2095927321000566,1900-2020
415,365,"Western Cape drought, 2015-19",Drought,More severe or more likely to occur,"""CMIP6 simulations suggest that anthropogenic greenhouse gas forcing has at least doubled the likelihood of 2015–19 like prolonged droughts over the South African Western Cape, with large cancellation due to other anthropogenic effects.""",https://www.ametsoc.net/eee/2019/EEEin2019.pdf,2015-19
416,366,"SW China extreme low rainfall, May-June 2019",Drought,More severe or more likely to occur,"""Anthropogenic forcing has likely increased the likelihood of the May–June 2019 severe low precipitation event in southwestern China by approximately 6 (1.4) times based on the HADGEM3-GA6 (CMIP6) simulations.""",https://www.ametsoc.net/eee/2019/EEEin2019.pdf,2019
417,367,"Global drought frequency, duration and intensity, 1851-2005",Drought,More severe or more likely to occur,"""[W]e show that the presence of anthropogenic forcing has increased the drought frequency, maximum drought duration, and maximum drought intensity experienced in large parts of the Americas, Africa, and Asia.""",https://www.nature.com/articles/s41467-021-22314-w,1851-2005
418,368,"Droughts across China, 2002-20",Drought,More severe or more likely to occur,"""The attribution analysis revealed that both climate change and anthropogenic impacts played a dominant role in driving intensified droughts.""",https://www.sciencedirect.com/science/article/abs/pii/S0022169421012208,2002-20
419,369,Flash drought over South China in August 2019,Drought,More severe or more likely to occur,"""[A]nthropogenic climate change has increased the likelihood of onset speed and intensity of the drought event by 24 ± 16% and 37 ± 9%, respectively.""",https://agupubs.onlinelibrary.wiley.com/doi/abs/10.1029/2020GL091901,2019
420,370,"Droughts in northern Central Asia, 1958-2014",Drought,More severe or more likely to occur,"""[W]e show evidence that the drying trend is dominated by anthropogenic change of the atmospheric circulation evinced in the southward shift and weakening of the subtropical westerly jet (SWJ).""",https://agupubs.onlinelibrary.wiley.com/doi/10.1029/2020GL092156,1958-2014
421,371,Super droughts over East Asia since 1960,Drought,More severe or more likely to occur,"""Super droughts over Transitional Climate Zone peak in the recent two decades, which are primarily driven by the increase in potential evaporation (PET)…It turns out that global warming signal can explain more than 90% of this PET increase.""",https://rmets.onlinelibrary.wiley.com/doi/abs/10.1002/joc.7483,1960
422,372,"Increasing drought trends in eastern Africa, 1900-2018",Drought,No discernible human influence,"""We conclude that until now the impact of increasing local temperatures on agricultural drought in eastern Africa is limited.""",https://esd.copernicus.org/articles/12/17/2021/,1900-2018
423,Rapid study.  373,"Poor rains and food insecurity in southern Madagascar, 2019-21",Drought,No discernible human influence,"""Based on observations and climate modeling, the occurrence of poor rains as observed from July 2019 to June 2021 in southern Madagascar has not significantly increased due to human-caused climate change.""",https://www.worldweatherattribution.org/factors-other-than-climate-change-are-the-main-drivers-of-recent-food-insecurity-in-southern-madagascar/,2019-21
424,374,"Rainfall associated with Ottawa River flood, 2019",Rain & flooding,More severe or more likely to occur,"""Anthropogenic forcing increased the likelihood of the 30-day high rainfall over Ontario and Quebec that contributed to the 2019 Ottawa River floods by a factor of 2 to 3.""",https://www.ametsoc.net/eee/2019/EEEin2019.pdf,2019
425,375,Record-breaking UK daily rainfall in October 2020,Rain & flooding,More severe or more likely to occur,"""The record rainfall of the wettest day in year 2020 is estimated to have become about 2.5 times more likely because of human influence.""",https://rmets.onlinelibrary.wiley.com/doi/10.1002/asl.1033,2020
426,352,"Southern China record-breaking rainfall and temperature event, summer 2020",Rain & flooding,More severe or more likely to occur,"""Compared with past climate, the occurrence risk of an event reaching or exceeding the 2020 Meiyu amount under similar atmospheric circulation conditions increased by 5.1 times under the present climate, 80% of which can be attributed to climate change.""",https://iopscience.iop.org/article/10.1088/1748-9326/abeeaf,2020
427,376,Abrupt increase in north-east US extreme rainfall since 1996,Rain & flooding,More severe or more likely to occur,"""The 1996 shift in Northeast EP can be attributed to both climate variability (especially AMV) and anthropogenic forcings (especially GHG), rather than either factor alone.""",https://www.sciencedirect.com/science/article/pii/S221209472100044X,1996
428,377,"Extreme precipitation events in Central Asia, 1961-2005",Rain & flooding,More severe or more likely to occur,"""Results indicate that radiative forcing changes, mainly driven by human activities, have significantly augmented the extreme precipitation indices in Central Asia.""",https://www.nature.com/articles/s41598-021-94486-w,1961-2005
429,378,"Extreme rainfall in Hami city in eastern Xinjiang, summer 2018",Rain & flooding,More severe or more likely to occur,"""[T]he fraction of attributable risk (FAR) value was 1.00 when the 2018 July–August RX1day (11.52 mm) was marked as the threshold, supporting the claim of a significant anthropogenic influence on the risk of this extreme rainfall.""",https://www.sciencedirect.com/science/article/pii/S167492782100157X,2018
430,379,Extreme Meiyu rainfall in eastern China in 2020,Rain & flooding,More severe or more likely to occur,"""[G]reenhouse gas (GHG) emissions have increased the probability by 44% as a result of atmospheric warming and moistening.""",https://link.springer.com/article/10.1007/s11430-020-9771-8,2020
431,380,"Mackenzie river flooding, 2012",Rain & flooding,No discernible human influence,"""No significant effect"" of human-caused climate change identified.",https://progearthplanetsci.springeropen.com/articles/10.1186/s40645-021-00431-w,2012
432,380,"Fraser river flooding, 2012",Rain & flooding,More severe or more likely to occur,"""Three snow-induced floods were enhanced [by climate change] (the Fraser in 2012, Sava in 2010, and Volga in 2012), which is due to increased precipitation.""",https://progearthplanetsci.springeropen.com/articles/10.1186/s40645-021-00431-w,2012
433,380,"Magdalena river flooding, 2011",Rain & flooding,More severe or more likely to occur,"""[T]he cause of five flood events (Magdalena in 2011, Amazon in 2012, Amur in 2013, Songhua in 2013, and Indus in 2010) was heavy rainfall, corresponding to the observed significant increases in heavy precipitation on a global scale, which has been shown to be the result of anthropogenic changes.""",https://progearthplanetsci.springeropen.com/articles/10.1186/s40645-021-00431-w,2011
434,380,"Amazon river flooding, 2012",Rain & flooding,More severe or more likely to occur,"""[T]he cause of five flood events (Magdalena in 2011, Amazon in 2012, Amur in 2013, Songhua in 2013, and Indus in 2010) was heavy rainfall, corresponding to the observed significant increases in heavy precipitation on a global scale, which has been shown to be the result of anthropogenic changes.""",https://progearthplanetsci.springeropen.com/articles/10.1186/s40645-021-00431-w,2012
435,380,"Sava river flooding, 2010",Rain & flooding,More severe or more likely to occur,"""Three snow-induced floods were enhanced [by climate change] (the Fraser in 2012, Sava in 2010, and Volga in 2012), which is due to increased precipitation.""",https://progearthplanetsci.springeropen.com/articles/10.1186/s40645-021-00431-w,2010
436,380,"Volga river flooding, 2012",Rain & flooding,More severe or more likely to occur,"""Three snow-induced floods were enhanced [by climate change] (the Fraser in 2012, Sava in 2010, and Volga in 2012), which is due to increased precipitation.""",https://progearthplanetsci.springeropen.com/articles/10.1186/s40645-021-00431-w,2012
437,380,"Amur river flooding, 2013",Rain & flooding,More severe or more likely to occur,"""[T]he cause of five flood events (Magdalena in 2011, Amazon in 2012, Amur in 2013, Songhua in 2013, and Indus in 2010) was heavy rainfall, corresponding to the observed significant increases in heavy precipitation on a global scale, which has been shown to be the result of anthropogenic changes.""",https://progearthplanetsci.springeropen.com/articles/10.1186/s40645-021-00431-w,2013
438,380,"Songhua river flooding, 2013",Rain & flooding,More severe or more likely to occur,"""[T]he cause of five flood events (Magdalena in 2011, Amazon in 2012, Amur in 2013, Songhua in 2013, and Indus in 2010) was heavy rainfall, corresponding to the observed significant increases in heavy precipitation on a global scale, which has been shown to be the result of anthropogenic changes.""",https://progearthplanetsci.springeropen.com/articles/10.1186/s40645-021-00431-w,2013
439,380,"Indus river flooding, 2010",Rain & flooding,More severe or more likely to occur,"""[T]he cause of five flood events (Magdalena in 2011, Amazon in 2012, Amur in 2013, Songhua in 2013, and Indus in 2010) was heavy rainfall, corresponding to the observed significant increases in heavy precipitation on a global scale, which has been shown to be the result of anthropogenic changes.""",https://progearthplanetsci.springeropen.com/articles/10.1186/s40645-021-00431-w,2010
440,Rapid study.  381,"Western Europe heavy rainfall, July 2021",Rain & flooding,More severe or more likely to occur,"""Climate change increased the intensity of the maximum 1-day rainfall event in the summer season in this large region by about 3-19% compared to a global climate 1.2C cooler than today. The increase is similar for the 2-day event.""",https://www.worldweatherattribution.org/heavy-rainfall-which-led-to-severe-flooding-in-western-europe-made-more-likely-by-climate-change/,2021
441,382,"Minas Gerais extreme rainfall, January 2020",Rain & flooding,More severe or more likely to occur,"""Our findings suggest that human-induced climate change made this event >70% more likely to occur.""",https://doi.org/10.1002/cli2.15,2020
442,383,"Yangtze River extended rainy winter, 2018-19",Rain & flooding,"Decrease, less severe or less likely to occur","""Anthropogenic forcing reduced the probability of rainfall amount in the extended rainy winter of 2018/19 over the middle and lower reaches of the Yangtze River, China, by ~19%, but exerted no influence on the excessive rainy days.""",https://www.ametsoc.net/eee/2019/EEEin2019.pdf,2018-19
443,384,"Southern China extremely wet rainy season, 2019",Rain & flooding,"Decrease, less severe or less likely to occur","""Anthropogenic forcings have reduced the likelihood of heavy precipitation in southern China like the 2019 March–July event by about 60%.""",https://www.ametsoc.net/eee/2019/EEEin2019.pdf,2019
444,380,"Red river flooding, 2011",Rain & flooding,"Decrease, less severe or less likely to occur","""Two snow-induced floods (the Red in 2011 and Missouri in 2011) were suppressed [by climate change], despite the increased precipitation, may be due to decreased snow and earlier snowmelt peaks due to warming.""",https://progearthplanetsci.springeropen.com/articles/10.1186/s40645-021-00431-w,2011
445,380,"Missouri river flooding, 2011",Rain & flooding,"Decrease, less severe or less likely to occur","""Two snow-induced floods (the Red in 2011 and Missouri in 2011) were suppressed [by climate change], despite the increased precipitation, may be due to decreased snow and earlier snowmelt peaks due to warming.""",https://progearthplanetsci.springeropen.com/articles/10.1186/s40645-021-00431-w,2011
446,380,"Mississippi river flooding, 2011",Rain & flooding,"Decrease, less severe or less likely to occur","""[O]ngoing climate change affected the occurrence of 64% (14 of 22) of historical floods from 2010 to 2013; they were enhanced in eight basins and suppressed in six.""",https://progearthplanetsci.springeropen.com/articles/10.1186/s40645-021-00431-w,2011
447,380,"Lena river flooding, 2010",Rain & flooding,"Decrease, less severe or less likely to occur","""Suppressing"" effect of human-caused climate change identified.",https://progearthplanetsci.springeropen.com/articles/10.1186/s40645-021-00431-w,2010
448,380,"Fitzroy river flooding, 2010",Rain & flooding,"Decrease, less severe or less likely to occur","""Suppressing"" effect of human-caused climate change identified.",https://progearthplanetsci.springeropen.com/articles/10.1186/s40645-021-00431-w,2010
449,380,"Niger river flooding, 2010",Rain & flooding,"Decrease, less severe or less likely to occur","""Suppressing"" effect of human-caused climate change identified.",https://progearthplanetsci.springeropen.com/articles/10.1186/s40645-021-00431-w,2010
450,385,"Antwerp urban flooding, 1901–2000",Rain & flooding,No discernible human influence,"""It can therefore be concluded that the urban flooding in Antwerp is not attributable to anthropogenic climate impacts.""",https://www.sciencedirect.com/science/article/abs/pii/S0022169421003991?via%3Dihub,1901
451,380,"Peace river flooding, 2011",Rain & flooding,No discernible human influence,"""No significant effect"" of human-caused climate change identified.",https://progearthplanetsci.springeropen.com/articles/10.1186/s40645-021-00431-w,2011
452,380,"Saskatchewan river flooding, 2013",Rain & flooding,No discernible human influence,"""No significant effect"" of human-caused climate change identified.",https://progearthplanetsci.springeropen.com/articles/10.1186/s40645-021-00431-w,2013
453,380,"Danube river flooding, 2013",Rain & flooding,No discernible human influence,"""No significant effect"" of human-caused climate change identified.",https://progearthplanetsci.springeropen.com/articles/10.1186/s40645-021-00431-w,2013
454,380,"Kuban river flooding, 2012",Rain & flooding,No discernible human influence,"""No significant effect"" of human-caused climate change identified.",https://progearthplanetsci.springeropen.com/articles/10.1186/s40645-021-00431-w,2012
455,380,"Yalu river flooding, 2010",Rain & flooding,No discernible human influence,"""No significant effect"" of human-caused climate change identified.",https://progearthplanetsci.springeropen.com/articles/10.1186/s40645-021-00431-w,2010
456,380,"Okavango river flooding, 2011",Rain & flooding,No discernible human influence,"""No significant effect"" of human-caused climate change identified.",https://progearthplanetsci.springeropen.com/articles/10.1186/s40645-021-00431-w,2011
457,380,"Murrumbidge & Murray river flooding, 2012",Rain & flooding,No discernible human influence,"""No significant effect"" of human-caused climate change identified.",https://progearthplanetsci.springeropen.com/articles/10.1186/s40645-021-00431-w,2012
458,386,Increased outburst flood hazard from Lake Palcacocha due to human-induced glacier retreat,"Cold, snow & ice",More severe or more likely to occur,"""We conclude that it is virtually certain (>99% probability) that the retreat of Palcaraju glacier to the present day cannot be explained by natural variability alone""",https://www.nature.com/articles/s41561-021-00686-4,
459,387,"Eastern US severe cold, November 2019","Cold, snow & ice","Decrease, less severe or less likely to occur","""CMIP6 results find nonsignificant dynamical effects of anthropogenic climate change on such regional winds; thermodynamic effects alone decreased the probability of this cold event by 70%.""",https://www.ametsoc.net/eee/2019/EEEin2019.pdf,2019
460,388,"North Pacific marine heatwave, summer 2019",Oceans,Insufficient data/inconclusive,"""…[I]t is possible that the models underestimate the strength of the forced response in recent decades. Regardless, it is clear that large internal climate variability complicates the detectability of the forced [mixed layer depth signal] in observations.""",https://www.ametsoc.net/eee/2019/EEEin2019.pdf,2019
461,389,"Hurricane Dorian's extreme rainfall, 2019",Storm,More severe or more likely to occur,"""Anthropogenic climate change increased the likelihood of Hurricane Dorian’s extreme 3-hourly rainfall amounts and total accumulated rainfall by 8%–18% and 5%–10%, respectively.""",https://www.ametsoc.net/eee/2019/EEEin2019.pdf,2019
462,390,"Houston flooding from Hurricane Harvey, 2017",Storm,More severe or more likely to occur,"""The cost of Hurricane Harvey attributable to anthropogenic global warming as $13bn dollars.""",https://link.springer.com/article/10.1007%2Fs10584-021-03114-z,2017
463,391,Number of typhoons affecting South Korea in September 2019,Storm,No discernible human influence,"""A multimodel analysis indicates that the 2019 September record high number of typhoons affecting South Korea was contributed to mostly by the very strong convection over northwestern India with no discernible anthropogenic contribution.""",https://www.ametsoc.net/eee/2019/EEEin2019.pdf,2019
464,392,"Typhoon-induced torrential rainfall in central Vietnam, October 2020",Storm,No discernible human influence,"""[W]e find that…the effect of human-induced climate change contributing to this persistent extreme rainfall event is small compared to natural variability.""",https://link.springer.com/article/10.1007/s10584-021-03261-3,2020
465,393,"Alaska wildfires, July 2019",Wildfire,More severe or more likely to occur,"Results indicate ""a threefold increased risk of Alaska’s extreme fires during recent decades due to primarily anthropogenic ignition and secondarily climate-induced biofuel abundance.""",https://www.ametsoc.net/eee/2019/EEEin2019.pdf,2019
466,394,"South-west China wildfire risk, spring 2019",Wildfire,More severe or more likely to occur,"""The 2019 extreme wildfire in South China was largely related to both anthropogenic warming and El Nino event. They increased the weather-related risk of extreme wildfire by 7.2 times and 3.6 times, respectively.""",https://www.ametsoc.net/eee/2019/EEEin2019.pdf,2019
467,395,"Australian bushfires, 2019-20",Wildfire,More severe or more likely to occur,"""[W]e find that climate change has induced a higher weather-induced risk of such an extreme fire season. This trend is mainly driven by the increase of temperature extremes.""",https://nhess.copernicus.org/articles/21/941/2021/,2019-20
468,396,"Global extreme fire weather, 1980-2005",Wildfire,More severe or more likely to occur,"""Changes to temperature and relative humidity drive the largest shifts in extreme fire weather conditions; this is particularly apparent over the Amazon, where GHGs cause a seven-fold increase by 2080.""",https://www.nature.com/articles/s41467-020-20570-w,1980-2005
469,397,"Western US increased fire weather risk, 1979-2020",Wildfire,More severe or more likely to occur,"""Both estimates [68% from observations and 88% from models] suggest that anthropogenic warming is the main cause for increasing fire weather and provide a likely range for the true anthropogenic contribution to the western US trend in vapour pressure deficit.""",https://www.pnas.org/doi/10.1073/pnas.2111875118,1979-2020
470,397,August Complex “Gigafire”,Wildfire,More severe or more likely to occur,"""During August 2020, when the August Complex “Gigafire” occurred in the western US, anthropogenic warming likely explains 50% of the unprecedented high vapour pressure deficit anomalies.""",https://www.pnas.org/doi/10.1073/pnas.2111875118,
471,398,"Extreme fire activity in south central Alaska, 2019",Wildfire,No discernible human influence,"The ""analysis suggests that the anthropogenic signal of increased fire risk had not yet emerged in 2019 because of the [model]’s internal variability.""",https://www.mdpi.com/2073-445X/10/1/82,2019
472,399,"Forest fires in Sweden, summer 2018",Wildfire,Insufficient data/inconclusive,"""[W]e find a (non-significant) reduced probability of such events based on reanalyses, a small (non-significant) increased probability due to global warming up to now.""",https://nhess.copernicus.org/articles/21/2169/2021/,2018
473,400,Susquehanna River extreme streamflow,River flow,More severe or more likely to occur,"""Anthropogenic climate change has increased the probability of extreme Susquehanna River mean streamflows.""",https://www.ametsoc.net/eee/2019/EEEin2019.pdf,
474,401,"Compound dry and hot events in China, 1971-2010",Compound,More severe or more likely to occur,"Anthropogenic forcing is shown to contribute to the high likelihood of CDHEs in recent decades over most parts of China, with remarkable contributions in southwestern regions.""",https://rmets.onlinelibrary.wiley.com/doi/abs/10.1002/joc.7473,1971-2010
475,402,"Yunnan extreme hot drought, spring-summer 2019",Compound,More severe or more likely to occur,"""Anthropogenic influence has increased the risk of 2019 March–June hot and dry extremes over Yunnan province in southwestern China by 123%–157% and 13%–23%, respectively.""",https://www.ametsoc.net/eee/2019/EEEin2019.pdf,2019
476,382,"Impacts of Minas Gerais extreme rainfall, January 2020",Impact,More severe or more likely to occur,"""We estimate that >90,000 people became temporarily homeless, and at least BRL 1.3bn ($240m) was lost in public and private sectors, of which 41% can be attributed to human-induced climate change.""",https://doi.org/10.1002/cli2.15,2020
477,404,"Mortality from UK heatwave, 2003",Impact,More severe or more likely to occur,"Findings show that 1,117 ""excess deaths are directly attributable to human-induced climate change"".",https://doi.org/10.1016/j.crm.2021.100285,2003
478,404,"Mortality from UK heatwave, 2018",Impact,More severe or more likely to occur,"Findings show that 432 ""excess deaths are directly attributable to human-induced climate change"".",https://doi.org/10.1016/j.crm.2021.100285,2018
479,404,"Damages from UK flooding, autumn 2000",Impact,More severe or more likely to occur,"""Estimated attributable damages from UK flood events"" to human-caused climate change amounts to $3.5bn.",https://doi.org/10.1016/j.crm.2021.100285,2000
480,404,"Damages from UK flooding, summer 2007",Impact,More severe or more likely to occur,"""Estimated attributable damages from UK flood events"" to human-caused climate change amounts to $4.2bn.",https://doi.org/10.1016/j.crm.2021.100285,2007
481,404,"Damages from UK flooding, winter 2013-14",Impact,More severe or more likely to occur,"""Estimated attributable damages from UK flood events"" to human-caused climate change amounts to $450m.",https://doi.org/10.1016/j.crm.2021.100285,2013-14
482,404,"Damages from UK flooding, winter 2015-16",Impact,More severe or more likely to occur,"""Estimated attributable damages from UK flood events"" to human-caused climate change amounts to $805m.",https://doi.org/10.1016/j.crm.2021.100285,2015-16
483,405,Lesotho-South Africa drought and 2007 food crisis,Impact,More severe or more likely to occur,"""Climate change was found to be a critical driver that led to the 2007 crisis in Lesotho, aggravating an ongoing decline in food production in the country.""",https://www.nature.com/articles/s41598-021-83375-x,2007
484,406,Heat-related mortality attributable to climate change,Impact,More severe or more likely to occur,"""Across all study countries, we find that 37.0% (range 20.5–76.3%) of warm-season heat-related deaths can be attributed to anthropogenic climate change and that increased mortality is evident on every continent.""",https://www.nature.com/articles/s41558-021-01058-x,
485,407,"Increasing US crop insurance losses, 1991-2017",Impact,More severe or more likely to occur,"""[W]e estimate that county-level temperature trends have contributed $27.0bn – or 19% – of the national-level crop insurance losses over the 1991–2017 period.""",https://iopscience.iop.org/article/10.1088/1748-9326/ac1223,1991-2017
486,Rapid study.  408,"Early growing period frost in France, March-April 2021",Impact,More severe or more likely to occur,"""[H]uman-caused warming…affected the earlier occurrence of bud burst…thus exposing young leaves to more winter-like conditions with lower minimum temperatures and longer nights.""",https://www.worldweatherattribution.org/human-caused-climate-change-increased-the-likelihood-of-early-growing-period-frost-in-france/,2021
487,409,Individual responsibility for China 2022 heatwave impacts,Impact,More severe or more likely to occur,"""A relatively simple technique finds sample individuals responsible for between 0.53 and 18.10 yuan""",https://iopscience.iop.org/article/10.1088/1748-9326/abe9e9,2022
488,410,Hurricane Sandy economic damages,Impact,More severe or more likely to occur,"""We find that approximately $8.1bn of Sandy’s damages are attributable to climate-mediated anthropogenic sea level rise""",https://www.nature.com/articles/s41467-021-22838-1,
489,411,"Warm extremes over Asia's mid-high latitudes, 1979-2014",Heat,More severe or more likely to occur,"""Briefly, the increased anthropogenic activity has exacerbated the warm extremes and soothed the cold extremes over the mid–high latitudes of Asia during the past decades.""",https://doi.org/10.1002/joc.7753,1979-2014
490,412,"Record-breaking wet-bulb heat over southern China, September 2021",Heat,More severe or more likely to occur,"""2021-like events would happen extremely rarely without anthropogenic warming…and have become a 1-in-16-year event in the factual world.""",https://doi.org/10.1016/j.accre.2022.11.007,2021
491,413,"Record-breaking Antarctic Peninsula heatwave, 2022",Heat,More severe or more likely to occur,"""The aggravated severity of the event can be largely ascribed to long-term summer warming of the Antarctic Peninsula.""",https://doi.org/10.1038/s43247-022-00450-5,2022
492,414,"Strengthening temperature seasonality in the Mediterranean, 1950–2014",Heat,More severe or more likely to occur,"""Anthropogenic forcing was found to play a major role in changes in the temperature seasonality.""",https://doi.org/10.1029/2022GL099658,1950
493,415,"Intensifying regional heatwaves across Eurasia, 1950-2018",Heat,More severe or more likely to occur,"""[T]the intensifying Eurasian heatwave tendency is a combined result of both climate change and human activities.""",https://doi.org/10.1007/s00382-021-06054-7,1950-2018
494,416,"Heat discomfort days in China, 1961-2014",Heat,More severe or more likely to occur,"""Further, the impacts of GHG and anthropogenic forcings on the HDDs (CDDs) are detectable over China, except for central and eastern China.""",https://doi.org/10.1007/s00376-021-1168-x,1961-2014
495,417,"Record-breaking heat in north-western China, July-August 2015",Heat,More severe or more likely to occur,"Using different approaches, the study finds that ""anthropogenic forcing has increased the likelihood of hot extremes"" like those seen in 2015 by a factor of 27, 12 or 21.",https://doi.org/10.1007/s13351-022-1109-3,2015
496,418,"Northern hemisphere concurrent large heatwaves, 1979-2019",Heat,More severe or more likely to occur,"""Their increasing occurrence is mainly driven by warming baseline temperatures due to global heating.""",https://doi.org/10.1175/JCLI-D-21-0200.1,1979-2019
497,419,"South Korea heatwave, October 2021",Heat,More severe or more likely to occur,"""GCM ensembles indicate that the the October 2021 South Korean heatwave was extremely unlikely to occur without human influences""",https://journals.ametsoc.org/view/journals/bams/103/12/BAMS-D-22-0124.1.xml,2021
498,420,"East Asia record heat, February 2021",Heat,More severe or more likely to occur,"""Human-induced warming is estimated to have increased the occurrence probability of events like the record-breaking warm February in East Asia by a factor of 4–20.""",https://journals.ametsoc.org/view/journals/bams/103/12/BAMS-D-22-0139.1.xml,2021
499,Rapid study.  421,"South America extreme heat, 2022",Heat,More severe or more likely to occur,"""Human-caused climate change made the event about 60 times more. Alternatively, a heatwave with a similar probability would be about 1.4C less hot in a world that had not been warmed by human activities.""",https://www.worldweatherattribution.org/climate-change-made-record-breaking-early-season-heat-in-argentina-and-paraguay-about-60-times-more-likely/,2022
500,Rapid study.  422,"UK 40C heat, July 2022",Heat,More severe or more likely to occur,"""Human-caused climate change made the event at least 10 times more likely. In the models, the same event would be about 2C less hot in a 1.2C cooler world.""",https://www.worldweatherattribution.org/without-human-caused-climate-change-temperatures-of-40c-in-the-uk-would-have-been-extremely-unlikely/,2022
501,423,Lake heatwaves over the past few decades,Heat,More severe or more likely to occur,"""We estimated that 94% of severe heatwaves observed in recent decades have an anthropogenic contribution""",https://agupubs.onlinelibrary.wiley.com/doi/10.1029/2021GL097031,
502,424,Western Europe's extremely warm May of 2020,Heat,More severe or more likely to occur,"""The extremely warm May of 2020 in western Europe was favoured by persistent high pressure, but human influence is also estimated to have made such events 40 times more likely.""",https://www.ametsoc.org/ams/assets/File/publications/EEEin2020/christidis_final.pdf,2020
503,Rapid study.  425,"India & Pakistan heatwave, May 2022",Heat,More severe or more likely to occur,"""Because of climate change, the probability of an event such as that in 2022 has increased by a factor of about 30.""",https://www.worldweatherattribution.org/climate-change-made-devastating-early-heat-in-india-and-pakistan-30-times-more-likely/,2022
504,Rapid study.  426,"North India & Pakistan heatwave, May 2022",Heat,More severe or more likely to occur,"""The analysis suggests that human influence has increased the likelihood of extreme April-May temperature anomalies by a factor of about 100.""",https://www.metoffice.gov.uk/binaries/content/assets/metofficegovuk/pdf/research/climate-science/attribution/indian_heatwave_2022.pdf,2022
505,427,Pre-term births in China due to heat over 2010-20,Heat,More severe or more likely to occur,"""In simulated scenarios, 25.8% of heatwave-related preterm births per year on average can be attributed to anthropogenic climate change, which further result in substantial human capital losses, estimated at over $1 billion costs.""",https://www.nature.com/articles/s41467-022-35008-8,2010-20
506,428,"Summer heat-related illness in North Carolina, 2011-16",Heat,More severe or more likely to occur,"""About 3 out of 20 heat-realteed illness visits are attributable to anthropogenic climate change in Coastal and Piedmont regions.""",https://agupubs.onlinelibrary.wiley.com/doi/10.1029/2022GH000636,2011-16
507,429,"Heat-related child mortality in Africa, 1995-2020",Heat,More severe or more likely to occur,"""By 2009, heat-related child mortality was double what it would have been without climate change""",https://iopscience.iop.org/article/10.1088/1748-9326/ac7ac5,1995-2020
508,430,"Tibetan Plateau extremely low solar radiation, 2021",Sunshine,More severe or more likely to occur,"""The 2021 low solar radiation over southeastern Tibetan Plateau was mainly caused by abnormally strong southerlies and further enhanced by anthropogenic aerosols and [greenhouse gas]-induced warming, and consequently reduced vegetation growth.""",https://ametsoc.net/eee/2021_22/AcceptedMS_BAMS-D-22-0122.pdf,2021
509,431,"North American 'megadrought', 2021",Drought,More severe or more likely to occur,"""We show that after exceptional drought severity in 2021, ~19% of which is attributable to anthropogenic climate trends…""",https://doi.org/10.1038/s41558-022-01290-z,2021
510,432,"Iran meteorological drought, 2020-21",Drought,More severe or more likely to occur,"""CMIP6 simulations suggest that the 2020/21-like severe and long-lasting Iran droughts have become more probable by at least 50% due mainly to anthropogenic greenhouse gas increases.""",https://journals.ametsoc.org/view/journals/bams/103/12/BAMS-D-22-0149.1.xml,2020-21
511,Rapid study.  433,"June-August north-hemisphere extratropics drought, 2022",Drought,More severe or more likely to occur,"""Human-induced climate change made the observed soil moisture drought much more likely, by a factor of at least 20 for the root zone soil moisture and at least 5 for the surface soil moisture""",https://www.worldweatherattribution.org/high-temperatures-exacerbated-by-climate-change-made-2022-northern-hemisphere-droughts-more-likely/,2022
512,Rapid study.  433,"West-central Europe drought, June-August 2022",Drought,More severe or more likely to occur,"""Human-induced climate change made the 2022 root zone soil moisture drought about 3-4 times more likely,  and the surface soil moisture drought about 5-6 times more likely.""",https://www.worldweatherattribution.org/high-temperatures-exacerbated-by-climate-change-made-2022-northern-hemisphere-droughts-more-likely/,2022
513,434,"North American 'megadrought', 2020–21",Drought,More severe or more likely to occur,"""The multimodel mean anthropogenic climate change trends account for 42% of the southwestern North America soil moisture anomaly in 2000-21 and 19% in 2021.""",https://www.nature.com/articles/s41558-022-01290-z,2020
514,435,Record low North American monsoon rainfall in 2020,Drought,More severe or more likely to occur,"""Model experiments suggest climate change increased the risk for record low American Southwest precipitation in June–September 2020, but confidence is low due to model biases and no significant observed trends.""",https://www.ametsoc.org/ams/assets/File/publications/EEEin2020/hoell_final.pdf,2020
515,436,"Autumn drought trend over China, 1961-2014",Drought,More severe or more likely to occur,"""This result clearly indicates that anthropogenic climate change plays a dominant role in the enhancement of autumn drought in China.""",https://link.springer.com/article/10.1007/s13351-022-1178-3,1961-2014
516,437,"South-western China extreme drought, 2020",Drought,No discernible human influence,"""Anthropogenic impacts on the intensity, duration, and severity of drought are not detectable.""",https://doi.org/10.1016/j.jhydrol.2022.127996,2020
517,Rapid study.  438,"South America drought, 2022",Drought,No discernible human influence,"""The models show that low rainfall events decrease…although this trend is again not significant and is compatible with natural variability. Thus, we cannot attribute the low rainfall to climate change.""",https://www.worldweatherattribution.org/vulnerability-and-high-temperatures-exacerbate-impacts-of-ongoing-drought-in-central-south-america/,2022
518,439,"Increasing extreme rainfall over Asian monsoon region, 1950-2014",Rain & flooding,More severe or more likely to occur,"""Our results provide evidence that anthropogenic greenhouse gases (mainly CO2) are the prime external factor influencing the increase of AM's extreme precipitation.""",https://doi.org/10.1016/j.wace.2022.100497,1950-2014
519,440,"Western US 'precipitation roller coaster', 2021",Rain & flooding,More severe or more likely to occur,The fraction of attributable risk framework reveals that the 2021 extreme [hydroclimatic intensity] is more likely to occur with anthropogenic forcing…than natural forcing alone.,https://doi.org/10.1029/2022GL100659,2021
520,441,"Henan extreme precipitation, 2021",Rain & flooding,More severe or more likely to occur,"""It is found that warming may lead to significant intensification of both regional-scale (10–14% per C), depending on convective organization) and station-scale precipitation extremes (7–9% per C).""",https://doi.org/10.1007/s11430-022-9953-0,2021
521,442,"Rainfall extremes across China, 1961-2014",Rain & flooding,More severe or more likely to occur,"""Intensified precipitation extremes can be attributed to human influence dominated by the [greenhouse gas] effect.""",https://doi.org/10.1029/2021EF002409,1961-2014
522,443,"Eastern north-east Brazil floods & landslides, May 2022",Rain & flooding,More severe or more likely to occur,"""[H]uman-induced climate change is, at least in part, responsible for the increase in likelihood and intensity of heavy rainfall events as observed in May 2022.""",https://doi.org/10.1016/j.wace.2024.100699,2022
523,444,"UK extremely wet May, 2021",Rain & flooding,More severe or more likely to occur,"""Human influence and persistent low pressure are estimated to make extreme May rainfall in the United Kingdom, as in year 2021, about 1.5 and 3.5 times more likely, respectively.""",https://journals.ametsoc.org/view/journals/bams/103/12/BAMS-D-22-0108.1.xml,2021
524,445,"Northern China wettest September, 2021",Rain & flooding,More severe or more likely to occur,"""Greenhouse gas forcing has increased the likelihood of events like the 2021 wettest September in northern China by approximately twofold.""",https://ametsoc.net/eee/2021_22/AcceptedMS_BAMS-D-22-0156.pdf,2021
525,Rapid study.  446,May-October 2022 flooding over West Africa,Rain & flooding,More severe or more likely to occur,"""Climate change exacerbated heavy rainfall leading to large scale flooding in highly vulnerable communities in west Africa.""",https://www.worldweatherattribution.org/climate-change-exacerbated-heavy-rainfall-leading-to-large-scale-flooding-in-highly-vulnerable-communities-in-west-africa/,2022
526,Rapid study.  447,"Brazil flooding, May-June 2022",Rain & flooding,More severe or more likely to occur,"""Rainfall events as rare as these, that occurred in a 1.2C cooler climate, would have been approximately a fifth less intense.""",https://www.worldweatherattribution.org/climate-change-increased-heavy-rainfall-hitting-vulnerable-communities-in-eastern-northeast-brazil/,2022
527,448,Record-breaking winter precipitation event over Beijing in February 2020,Rain & flooding,More severe or more likely to occur,"""Precipitation in Beijing during February 2020 was the highest since 1951. Anthropogenic influences contributed to a 52.9% increase in the likelihood of circulation anomalies associated with similar extreme precipitations.""",https://www.ametsoc.org/ams/assets/File/publications/EEEin2020/10_chen_210153.pdf,2020
528,449,Extreme dry-wet contrast over south China in 2020,Rain & flooding,More severe or more likely to occur,"""The extreme precipitation and heatwave led to a 1-in-183-year extreme dry–wet contrast over South China in the 2020 summer. Anthropogenic influences increased the risk of such extremes by at least 3 times.""",https://www.ametsoc.org/ams/assets/File/publications/EEEin2020/12_Wang_210176.pdf,2020
529,450,Heavy rainfall in south-western China in August 2020,Rain & flooding,More severe or more likely to occur,"""Atmospheric circulation explained about 47% of the observed intensity of the heavy rainfall event in mid-August 2020 in southwestern China, and anthropogenic forcings have roughly doubled the likelihood of such heavy rainfall.""",https://www.ametsoc.org/ams/assets/File/publications/EEEin2020/18_Qian_210233_final.pdf,2020
530,451,"Atmospheric river that contributed to California's Oroville Dam crisis, February 2017",Rain & flooding,More severe or more likely to occur,"""We estimate that climate change to date results in ~11% and ~15% increase in precipitation over the Feather River Basin in northern California for the first and second pulses.""",https://agupubs.onlinelibrary.wiley.com/doi/10.1029/2021EF002537,2017
531,452,"British Columbia floods, November 2021",Rain & flooding,More severe or more likely to occur,"For two-day rainfall, ""the probability of events at least this large has been increased by a best estimate of 45% by human-induced climate change.""",https://www.sciencedirect.com/science/article/pii/S2212094722000287,2021
532,453,"Global trends in extreme 1- and 5-day rainfall, 1950-2014",Rain & flooding,More severe or more likely to occur,"""The influence of anthropogenic forcings on extreme precipitation is detected over the global land area, three continental regions (the western Northern Hemisphere, western Eurasia, and eastern Eurasia), and many smaller IPCC regions.""",https://journals.ametsoc.org/view/journals/clim/35/1/JCLI-D-21-0028.1.xml,1950-2014
533,454,"Seasonal rainfall extremes in Europe, 1901-2018",Rain & flooding,More severe or more likely to occur,"""[T]he models suggest that human influence alters characteristics of seasonal extremes, with the frequency of high precipitation extremes increasing everywhere except the Mediterranean basin.""",https://journals.ametsoc.org/view/journals/clim/aop/JCLI-D-21-0637.1/JCLI-D-21-0637.1.xml,1901-2018
534,Rapid study.  455,"Devastating flooding in eastern South Africa, April 2022",Rain & flooding,More severe or more likely to occur,"""We conclude that greenhouse gas and aerosol emissions are (at least in part) responsible for the observed increases [in rainfall].""",https://www.worldweatherattribution.org/climate-change-exacerbated-rainfall-causing-devastating-flooding-in-eastern-south-africa/,2022
535,456,Record-breaking mei-yu rainfall of 2020,Rain & flooding,"Decrease, less severe or less likely to occur","""The record-breaking mei-yu rainfall amount of 2020 around the Yangtze River decreased by approximately 9.2%–14.1% due to the post-1980 regional climate change in Asia.""",https://www.ametsoc.org/ams/assets/File/publications/EEEin2020/13_Hu_210187.pdf,2020
536,457,Record-breaking June-July mei-yu rainfall in 2020,Rain & flooding,"Decrease, less severe or less likely to occur","""Anthropogenic forcing has approximately halved the probability of 2020 June–July persistent heavy mei-yu rainfall event based on HadGEM3-GA6 simulations without considering the COVID-induced aerosol emission reduction.""",https://www.ametsoc.org/ams/assets/File/publications/EEEin2020/14_Tang_210167.pdf,2020
537,458,Record-breaking mei-yu in the Yangtze River Valley in 2020,Rain & flooding,"Decrease, less severe or less likely to occur","""Anthropogenic forcing has likely reduced the probability of the 2020 June–July mei-yu in the Yangtze River Valley by approximately 54%; however, the anomalous circulation of 2020 favoured the occurrence of heavy precipitation.""",https://www.ametsoc.org/ams/assets/File/publications/EEEin2020/16_Sun_210161.pdf,2020
538,Rapid study.  459,"Catastrophic floods and landslides in eastern north-east Brazil, May 2022",Rain & flooding,Insufficient data/inconclusive,"""[A]ll models exhibit systematic errors in precipitation magnitudes…We can therefore not quantify the role of climate change in the observed increase in likelihood and intensity.""",https://www.worldweatherattribution.org/climate-change-increased-heavy-rainfall-hitting-vulnerable-communities-in-eastern-northeast-brazil/,2022
539,460,"Winter storm Filomena, January 2021",Storm,More severe or more likely to occur,"""We can state that the results are in line with the expected climate-change trends.""",https://doi.org/10.5194/wcd-3-1311-2022,2021
540,460,"Mediterranean heatwave, August 2021",Heat,More severe or more likely to occur,"""In summary, our analysis…shows the predominance of the thermodynamic effects of climate change on the heatwave, with a clear warming signal in the analogues, which is higher than that of the global average.""",https://doi.org/10.5194/wcd-3-1311-2022,2021
541,460,"Westphalia floods, July 2021",Rain & flooding,Insufficient data/inconclusive,"""[A]ttributing this event to climate change requires disentangling the possible role of AMO versus global warming.""",https://doi.org/10.5194/wcd-3-1311-2022,2021
542,460,"Exceptional cold spell in France, spring 2021","Cold, snow & ice","Decrease, less severe or less likely to occur","""We can conclude that this cold spell would have led to temperatures 2-4C colder without anthropogenic forcing.""",https://doi.org/10.5194/wcd-3-1311-2022,2021
543,460,"Scandinavian cold spell, November 2021","Cold, snow & ice",No discernible human influence,"""[T]he atmospheric configuration driving cold spells such as the November 2021 episode has not become more unusual with climate change and that the intensity of the cold spells engendered by similar atmospheric configurations has not weakened significantly.""",https://doi.org/10.5194/wcd-3-1311-2022,2021
544,460,"Po Valley tornado outbreak, September 2021",Storm,More severe or more likely to occur,"""Our analysis…shows a clear increase in temperature of the analogues of this event in the factual period. This is compatible with the occurrence of more favorable environments for tornadoes due to climate change.""",https://doi.org/10.5194/wcd-3-1311-2022,2021
545,460,"Hurricane Ida, August 2021",Storm,Insufficient data/inconclusive,"""[I]t is hard to disentangle changes in the type of events that would occur in the area and the impact of climate change on each type of event.""",https://doi.org/10.5194/wcd-3-1311-2022,2021
546,460,"Medicane Apollo, October 2021",Storm,Insufficient data/inconclusive,"""Our analysis highlights the potential intensification of precipitation associated with cyclones around the island of Sicily…However, we point to the black swan nature of this storm compared to its analogues and therefore to a careful interpretation of the attribution results/""",https://doi.org/10.5194/wcd-3-1311-2022,2021
547,461,"Kenya's extreme March-April-May rainfall, 2012",Rain & flooding,No discernible human influence,"""We find a shift towards intensification of extreme rainfall in today's climate, although these increases are not in all cases statistically distinguishable from our estimates of magnitudes in the preindustrial climate.""",https://doi.org/10.1016/j.wace.2022.100529,2012
548,461,"Kenya's extreme March-April-May rainfall, 2016",Rain & flooding,No discernible human influence,"""We find a shift towards intensification of extreme rainfall in today's climate, although these increases are not in all cases statistically distinguishable from our estimates of magnitudes in the preindustrial climate.""",https://doi.org/10.1016/j.wace.2022.100529,2016
549,461,"Kenya's extreme March-April-May rainfall, 2018",Rain & flooding,No discernible human influence,"""We find a shift towards intensification of extreme rainfall in today's climate, although these increases are not in all cases statistically distinguishable from our estimates of magnitudes in the preindustrial climate.""",https://doi.org/10.1016/j.wace.2022.100529,2018
550,411,"Cold extremes over Asia's mid-high latitudes, 1979-2014","Cold, snow & ice","Decrease, less severe or less likely to occur","""Briefly, the increased anthropogenic activity has exacerbated the warm extremes and soothed the cold extremes over the mid–high latitudes of Asia during the past decades.""",https://doi.org/10.1002/joc.7753,1979-2014
551,462,"Global decrease in diurnal temperature range, 1901-2014","Cold, snow & ice","Decrease, less severe or less likely to occur","""Globally, anthropogenic influence is estimated to explain more than 90% of the observed changes.""",https://doi.org/10.1175/JCLI-D-21-0928.1,1901-2014
552,462,"China decrease in diurnal temperature range, 1901-2014","Cold, snow & ice","Decrease, less severe or less likely to occur","""In China, human influence is also clearly detected, although model simulated results on the regional scale have larger deviation.""",https://doi.org/10.1175/JCLI-D-21-0928.1,1901-2014
553,463,January 2021 cold air outbreak over eastern China,"Cold, snow & ice","Decrease, less severe or less likely to occur","""It is characterized as a weakened cold event that would have been more severe with less anthropogenic warming.""",https://doi.org/10.1175/BAMS-D-21-0143.1,2021
554,416,"Cold discomfort days in China, 1961-2014","Cold, snow & ice","Decrease, less severe or less likely to occur","""Further, the impacts of GHG and anthropogenic forcings on the HDDs (CDDs) are detectable over China, except for central and eastern China.""",https://doi.org/10.1007/s00376-021-1168-x,1961-2014
555,464,Cold air outbreak over eastern China in January 2021,"Cold, snow & ice","Decrease, less severe or less likely to occur","""A cold air outbreak swept across eastern China in January 2021. It is characterized as a weakened cold event that would have been more severe with less anthropogenic warming.""",https://www.ametsoc.org/ams/assets/File/publications/EEEin2020/9_Li_210143.pdf,2021
556,465,Exceptional cold spell over north-east China in April 2020,"Cold, snow & ice","Decrease, less severe or less likely to occur","""Human-induced thermodynamic effects have declined the likelihood of April 2020-like cold spells over Northeast China by ~80%, but such events tend to be triggered by more intense dynamical factors.""",https://www.ametsoc.org/ams/assets/File/publications/EEEin2020/11_Yu_210175.pdf,2020
557,466,"North-west Pacific marine heatwave, 2021",Oceans,More severe or more likely to occur,"""The 2021 north-west Pacific marine heatwave was favored by the atmospheric and oceanic conditions; changes in the mean climate due to anthropogenic warming made the event 43 times more likely.""",https://ametsoc.net/eee/2021_22/AcceptedMS_BAMS-D-22-0142.pdf,2021
558,467,"North-east Pacific marine heatwave, 2019-21",Oceans,More severe or more likely to occur,"""Forcing by elevated greenhouse gases levels has virtually certainly caused the multi-year persistent 2019–2021 marine heatwave.""",https://doi.org/10.1038/s43247-022-00461-2,2019-21
559,468,"Tropical cyclone heavy rainfall over coastal east Asia, 1961-2015",Storm,More severe or more likely to occur,"""[A]nthropogenic impacts have already significantly altered the [tropical cyclone]-induced heavy rainfall pattern in the WNP region.""",https://doi.org/10.1038/s41558-022-01344-2,1961-2015
560,469,"Atlantic tropical cyclone activity, 1982-2020",Storm,More severe or more likely to occur,"""Our findings…illustrate how anthropogenic climate change has contributed to a decisive increase in Atlantic tropical cyclone season activity.""",https://doi.org/10.5194/wcd-3-471-2022,1982-2020
561,470,"Extreme atlantic hurricane season, 2020",Storm,More severe or more likely to occur,"""For the year 2020, our results suggest that such an exceptionally intense [hurricane] season might have been made twice as likely by ocean surface warming.""",https://wcd.copernicus.org/articles/3/471/2022/,2020
562,471,"Hurricane Harvey flooding in Texas, 2017",Storm,More severe or more likely to occur,"""30-50% of the flooded properties would not have flooded without climate change.""",https://www.nature.com/articles/s41467-022-31056-2,2017
563,472,"North Atlantic hurricane season extreme rainfall, 2020",Storm,More severe or more likely to occur,"""[H]uman-induced climate change increased the extreme 3-hourly storm rainfall rates and extreme 3-day accumulated rainfall amounts during the full 2020 hurricane season for observed storms that are at least tropical storm strength (>18 m/s) by 10 and 5%, respectively.""",https://www.nature.com/articles/s41467-022-29379-1,2020
564,473,"Rising proportion of major tropical cyclones, 1978-2017",Storm,More severe or more likely to occur,"""The proportion of major tropical cyclones to the total number of storms (category 1–5) exhibits a statistically significant multidecadal upward trend, which is attributed to a global sea surface warming.""",https://www.sciencedirect.com/science/article/pii/S1007570421004779,1978-2017
565,474,"Flooding in Madagascar, Mozambique & Malawi associated with tropical cyclones, 2022",Storm,More severe or more likely to occur,"""We conclude that greenhouse gas and aerosol emissions are in part responsible for the observed increases [in rainfall].""",https://www.worldweatherattribution.org/climate-change-increased-rainfall-associated-with-tropical-cyclones-hitting-highly-vulnerable-communities-in-madagascar-mozambique-malawi/,2022
566,468,"Tropical cyclone heavy rainfall over southern parts of the western North Pacific , 1961-2016",Storm,"Decrease, less severe or less likely to occur","""[A]nthropogenic impacts have already significantly altered the TC-induced heavy rainfall pattern in the WNP region.""",https://doi.org/10.1038/s41558-022-01344-2,1961-2016
567,475,"Cape Town wildfire, April 2021",Wildfire,More severe or more likely to occur,"""CMIP6 models suggest that extreme fire weather associated with the April 2021 Cape Town wildfire has become 90% more likely in a warmer world.""",https://ametsoc.net/eee/2021_22/AcceptedMS_BAMS-D-22-0204.pdf,2021
568,476,Siberia wildfires of 2020,Wildfire,More severe or more likely to occur,"""The meteorological conditions that coincided with extreme wildfires in Siberia during 2020 were up to 80% more likely than a century ago as a result of global warming.""",https://www.ametsoc.org/ams/assets/File/publications/EEEin2020/8_Eden_210168.pdf,2020
569,477,"Severe autumn fire weather on US west coast, 2017-18",Wildfire,More severe or more likely to occur,"""These findings illustrate that anthropogenic climate change is exacerbating autumn fire weather extremes that contribute to high-impact catastrophic fires in populated regions of the western US.""",https://agupubs.onlinelibrary.wiley.com/doi/10.1029/2021GL095496,2017-18
570,478,"California & Nevada, compound rainfall and temperature extremes, 2021",Compound,More severe or more likely to occur,"""Anthropogenically forced-warming and La Niña forced-precipitation deficits caused at least a sixfold risk increase for compound extreme low precipitation and high temperature in California–Nevada from October 2020 to September 2021.""",https://journals.ametsoc.org/view/journals/bams/103/12/BAMS-D-22-0112.1.xml,2021
571,479,"Increasing compound dry and hot events in China, 1931-2010",Compound,More severe or more likely to occur,"""Anthropogenic forcing is shown to contribute to the high likelihood of CDHEs in recent decades over most parts of China.""",https://doi.org/10.1002/joc.7473,1931-2010
572,480,"Global concurrent warm and dry months, 1850-2014",Compound,More severe or more likely to occur,"""At the global scale, the likelihood of compound warm-dry months has increased 2.7 times due to anthropogenic emissions.""",https://doi.org/10.1029/2021WR030411,1850-2014
573,481,"Hot and dry years in South Africa's Western Cape, 2015-17",Compound,More severe or more likely to occur,"""Overall, we conclude that anthropogenic climate change has strongly contributed to the recent hot years in the Western Cape region and it had moderate influence on their dryness.""",https://doi.org/10.1175/BAMS-D-21-0116.1,2015-17
574,481,"Co-occurring droughts in Lesotho and South Africa, 1992",Compound,More severe or more likely to occur,"""Overall, we conclude that there is some evidence that anthropogenic climate change contributed to the extreme droughts in 1992 and 2007 in Lesotho and South Africa, and to their co-occurrence.""",https://doi.org/10.1175/BAMS-D-21-0116.1,1992
575,481,"Co-occurring droughts in Lesotho and South Africa, 2007",Compound,More severe or more likely to occur,"""Overall, we conclude that there is some evidence that anthropogenic climate change contributed to the extreme droughts in 1992 and 2007 in Lesotho and South Africa, and to their co-occurrence.""",https://doi.org/10.1175/BAMS-D-21-0116.1,2007
576,482,"North-eastern China summer compound hot and dry events, 1961-2014",Compound,More severe or more likely to occur,"""[A]nthropogenic greenhouse gases dominantly contribute to the observed change.""",https://doi.org/10.1007/s13351-022-1112-8,1961-2014
577,483,Record-breaking warm and wet winter 2019/20 over north-west Russia,Compound,More severe or more likely to occur,"""CMIP6 simulations suggest that the 2019/20 extremely warm and wet winter over northwest Russia would have been extremely unlikely without human influence despite a strong positive phase of the NAO.""",https://www.ametsoc.org/ams/assets/File/publications/EEEin2020/Kam_210148_final.pdf,2019
578,484,Successive hot-wet extremes in South Korean summer of 2020,Compound,More severe or more likely to occur,"""Greenhouse gas forcing has significantly increased the risk for successive hot-wet extremes as observed over South Korea in summer 2020, through intensifying hot extremes while hardly affecting wet extremes.""",https://www.ametsoc.org/ams/assets/File/publications/EEEin2020/15_Min_210144.pdf,2020
579,485,"Summer hot compound events in China, 1965-2014",Compound,More severe or more likely to occur,"""Anthropogenic (ANT) forcing can be robustly detected and separated from the response to natural (NAT) forcing in the frequency and intensity trends of compound hot events over China.""",https://iopscience.iop.org/article/10.1088/1748-9326/ac4d4e,1965-2014
580,486,"Global increases in compound dry and hot events, 1901–2010",Compound,More severe or more likely to occur,"""We find anthropogenic influences have increased the risk of compound dry and hot events in large regions across the globe except for parts of Eurasia and North America.""",https://iopscience.iop.org/article/10.1088/1748-9326/ac43e0,1901
581,487,"Ecomomic damages caused by extreme rainfall from Typhoon Hagibis, 2019",Impact,More severe or more likely to occur,"""Our conservative estimate is that ~$4bn of the damages due to the extreme heavy rainfall associated with Typhoon Hagibis are due to human-induced climate change.""",https://link.springer.com/article/10.1007/s10584-022-03344-9,2019
582,488,"Extremely early cherry tree flowering in Kyoto, 2021",Impact,More severe or more likely to occur,"""Extremely early flowering dates, as in 2021, would be rare without human influence, but are now estimated to be 15 times more likely, and are expected to occur at least once a century.""",https://iopscience.iop.org/article/10.1088/1748-9326/ac6bb4,2021
583,489,"Iran heatwaves, 1977 to 2019",Heat,More severe or more likely to occur,"""These findings suggest that anthropogenic global warming and associated climate change are main reasons for heatwave occurrence over Iran.""",https://doi.org/10.1029/2023EF003995,1977
584,490,"Global extreme temperatures, 2018",Heat,More severe or more likely to occur,"""For the year 2018, increased anthropogenic forcings are mostly responsible for increased risk to extreme [temperature] affecting [94%] of global population and [97%] of global GDP relative to the baseline period 1961-1990.""",https://doi.org/10.1038/s41598-022-27220-9,2018
585,491,"China extreme temperatures, 1960-2020",Heat,More severe or more likely to occur,"""The results show that [greenhouse gases are] the main driver of extreme temperature changes in China.""",https://doi.org/10.1016/j.atmosres.2023.106845,1960-2020
586,492,"Increased summer European heatwaves, 1980–2021",Heat,More severe or more likely to occur,"""It is found that [greenhouse gas]-induced warming contributes to ∼57% of the European heatwave trend over 1980-2021.""",https://doi.org/10.1029/2023EF003701,1980
587,493,"South American heatwave, 2022",Heat,More severe or more likely to occur,"""Human-caused climate change made the event about 60 times more likely""",https://doi.org/10.1007/s10584-023-03576-3,2022
588,494,"Northern hemisphere extreme heatwaves, 1951-2020",Heat,More severe or more likely to occur,"""Human-induced [greenhouse gas] forcings are found to be the leading cause of the proportion increases in the large-area and long duration-large-area events after 1989.""",https://doi.org/10.1007/s00382-022-06649-8,1951-2020
589,495,"Madagascar extreme temperatures, 1950-2018",Heat,More severe or more likely to occur,"""In a nutshell, most observed changes are attributed to [greenhouse gases] and [anthropogenic] forcings.""",https://doi.org/10.1002/joc.8065,1950-2018
590,496,"Global concurrent temperature extremes, 1901-2020",Heat,More severe or more likely to occur,"""Historical anthropogenic forcing has strengthened the concurrence of temperature extremes over 56% of 946 global paired regions, particularly in the tropics.""",https://doi.org/10.1126/sciadv.abo1638,1901-2020
591,497,"Eastern China hot extremes, 1958-2020",Heat,More severe or more likely to occur,"""These results indicate a dominant role played by anthropogenic forcing in the extreme temperature changes.""",https://doi.org/10.1016/j.aosl.2023.100332,1958-2020
592,498,"Global hot extremes, 1981-2020",Heat,More severe or more likely to occur,"""Our attribution analysis revealed anthropogenic forcings are robustly detectable and the main drivers of observed changes in all indices for all regions.""",https://doi.org/10.1016/j.wace.2023.100548,1981-2020
593,Rapid study.  499,"Madagascar heatwave, October 2023",Heat,More severe or more likely to occur,"""Because of human-induced climate change the event would have been approx. 1 to 2C cooler for all three event definitions had humans not warmed the planet by burning fossil fuels.""",https://www.worldweatherattribution.org/extreme-poverty-rendering-madagascar-highly-vulnerable-to-underreported-extreme-heat-that-would-not-have-occurred-without-human-induced-climate-change/,2023
594,Rapid study.  500,"Early spring heat, South America, 2023",Heat,More severe or more likely to occur,"""The event would have been 1.4 to 4.3C cooler had humans not warmed the planet by burning fossil fuels""",https://www.worldweatherattribution.org/strong-influence-of-climate-change-in-uncharacteristic-early-spring-heat-in-south-america/,2023
595,Rapid study.  501,"North America extreme heat, July 2023",Heat,More severe or more likely to occur,"""A heatwave of the same likelihood as the one observed today would have been significantly cooler in a world without climate change""",https://www.worldweatherattribution.org/extreme-heat-in-north-america-europe-and-china-in-july-2023-made-much-more-likely-by-climate-change/,2023
596,Rapid study.  501,"Europe extreme heat, July 2023",Heat,More severe or more likely to occur,"""A heatwave of the same likelihood as the one observed today would have been significantly cooler in a world without climate change""",https://www.worldweatherattribution.org/extreme-heat-in-north-america-europe-and-china-in-july-2023-made-much-more-likely-by-climate-change/,2023
597,Rapid study.  501,"China extreme heat, July 2023",Heat,More severe or more likely to occur,"""A heatwave of the same likelihood as the one observed today would have been significantly cooler in a world without climate change""",https://www.worldweatherattribution.org/extreme-heat-in-north-america-europe-and-china-in-july-2023-made-much-more-likely-by-climate-change/,2023
598,Rapid study.  502,"Bangladesh & India extreme humid heat, April 2023",Heat,More severe or more likely to occur,"""The combined results give an increase in the likelihood of such an event to occur of at least a factor of 30 over India and Bangladesh due to human-induced climate change.""",https://www.worldweatherattribution.org/extreme-humid-heat-in-south-asia-in-april-2023-largely-driven-by-climate-change-detrimental-to-vulnerable-and-disadvantaged-communities/,2023
599,Rapid study.  502,"Thailand & Laos extreme humid heat, April 2023",Heat,More severe or more likely to occur,"""An event of the same magnitude as the observed heatwave would have been extremely rare in a 1.2C cooler climate and hence it would have been virtually impossible to have occurred without climate change.""",https://www.worldweatherattribution.org/extreme-humid-heat-in-south-asia-in-april-2023-largely-driven-by-climate-change-detrimental-to-vulnerable-and-disadvantaged-communities/,2023
600,Rapid study.  503,"Morocco & Algeria extreme heat, April 2023",Heat,More severe or more likely to occur,"""Extreme April heat in Spain, Portugal, Morocco & Algeria almost impossible without climate change""",https://www.worldweatherattribution.org/extreme-april-heat-in-spain-portugal-morocco-algeria-almost-impossible-without-climate-change/,2023
601,Rapid study.  503,"Spain & Portugal extreme heat, April 2023",Heat,More severe or more likely to occur,"""Extreme April heat in Spain, Portugal, Morocco & Algeria almost impossible without climate change""",https://www.worldweatherattribution.org/extreme-april-heat-in-spain-portugal-morocco-algeria-almost-impossible-without-climate-change/,2023
602,504,"India and Pakistan spring heatwave, 2022",Heat,More severe or more likely to occur,"""We estimate that human-caused climate change made this heatwave about 1C hotter and 30 times more likely in the current, 2022 climate, as compared to the 1.2C cooler, pre-industrial climate.""",https://iopscience.iop.org/article/10.1088/2752-5295/acf4b6,2022
603,505,"Antarctic heatwave, March 2022",Heat,More severe or more likely to occur,"""The heatwave was made 2C warmer by climate change.""",https://agupubs.onlinelibrary.wiley.com/doi/10.1029/2023GL104910,2022
604,506,"Yangtze River basin summer heat extremes, 2022",Heat,Insufficient data/inconclusive,"""[S]uch an anomaly circulation pattern likely resulted from internalvariability in the atmosphere and underlying surface conditions. However, anthropogenic climate change may have already slightly increased the chance of such events.""",https://doi.org/10.1029/2023GL104269,2022
605,507,"South-west Western Australia cool season driest 20-years on record, 2001-20",Drought,More severe or more likely to occur,"""In the more recent period (2001–2020), the signal of global warming is very clear, as the [multi-model mean] 20-year averages are more than two standard deviations drier than the multi-model preindustrial decadal variability.""",https://doi.org/10.1038/s41598-023-48877-w,2001-20
606,508,"Norway floods, 2010s",Rain & flooding,More severe or more likely to occur,"""The comparisons of the historical extreme events under factual and counterfactual conditions show that more than 65% of floods and droughts in the 2010s could have been magnified by climate change.""",https://doi.org/10.1007/s10584-023-03615-z,
607,508,"Norway droughts, 2010s",Drought,More severe or more likely to occur,"""The comparisons of the historical extreme events under factual and counterfactual conditions show that more than 65% of floods and droughts in the 2010s could have been magnified by climate change.""",https://doi.org/10.1007/s10584-023-03615-z,
608,509,"Eastern China extreme drought, 2019",Drought,More severe or more likely to occur,"""The authors…found that the occurrence probability of a 2019Drought-like event increased by eight times due to anthropogenic forcing.""",https://doi.org/10.1016/j.aosl.2022.100296,2019
609,510,"Marathwada summer drought, 2015",Drought,More severe or more likely to occur,"""Highly unlikely in a world without anthropogenic climate change (1-in-256 year), the event is found to be frequent (1-in-38 year) in the actual world. """,https://doi.org/10.1016/j.wace.2022.100546,2015
610,511,"China droughts, 1961-2014",Drought,More severe or more likely to occur,"""[Anthropogenic climate change] enhanced the drought frequency ∼15.3%, drought duration ∼4.7 months, drought intensity ∼9.74, respectively, averagely over China.""",https://doi.org/10.1016/j.jhydrol.2022.129008,1961-2014
611,Rapid study.  512,"Syria, Iraq & Iran drought, 2020-23",Drought,More severe or more likely to occur,"""Human-induced climate change has increased the intensity of such a drought such that it would not have been classified as a drought in a 1.2C cooler world""",https://www.worldweatherattribution.org/human-induced-climate-change-compounded-by-socio-economic-water-stressors-increased-severity-of-drought-in-syria-iraq-and-iran/,2020-23
612,Rapid study.  513,"Horn of Africa drought, 2021-22",Drought,More severe or more likely to occur,"""Climate change has made events like the current drought much stronger and more likely; a conservative estimate is that such droughts have become about 100 times more likely.""",https://www.worldweatherattribution.org/human-induced-climate-change-increased-drought-severity-in-southern-horn-of-africa/,2021-22
613,Rapid study.  514,"Sahel drought, 2021",Drought,Insufficient data/inconclusive,"""The large uncertainties in the observational data and subsequent difficulties in assessing climate models mean it is not possible to assess whether there is no climate change signal or whether we cannot detect it.""",https://www.worldweatherattribution.org/food-crisis-in-central-sahel-in-2022-driven-by-chronic-vulnerability-with-uncertain-role-of-climate-change/,2021
614,515,"Summer extreme rainfall in east China, 2020",Rain & flooding,More severe or more likely to occur,"""The greenhouse gas emissions from human activities increase the likelihood of both [month-scale precipitation and corresponding RX1day extreme events], leading to decreases in the return period for summer 2020-like events.""",https://doi.org/10.1002/joc.8260,2020
615,516,"Pearl River delta extreme rainfall, December 2013",Rain & flooding,More severe or more likely to occur,"""Our results indicate that anthropogenic warming has intensified this wintertime rainstorm by 17%.""",https://doi.org/10.1007/s00382-023-06869-6,2013
616,490,"Global extreme rainfall, 2018",Rain & flooding,More severe or more likely to occur,"""For the year 2018, increased anthropogenic forcings are mostly responsible for increased risk to extreme [precipitation] affecting [72%] of global population and [76%] of global GDP relative to the baseline period 1961-1990.",https://doi.org/10.1038/s41598-022-27220-9,2018
617,517,"Yangtze River valley extreme rainfall, 2020",Rain & flooding,More severe or more likely to occur,"""The higher occurrence likelihood of circulation patterns conducive to precipitation in all forcing experiment than that in natural forcing proves that the extreme precipitation in the YRV in 2020 is attributable to human-induced climate change.""",https://doi.org/10.1007/s00382-023-06752-4,2020
618,518,"Western Europe heavy rainfall & flooding, 2021",Rain & flooding,More severe or more likely to occur,"""Anthropogenic climate change has already increased the intensity of the maximum 1-day rainfall event in the summer season by 3–19 %. The likelihood of such an event to occur today compared to a 1.2 C cooler climate has increased by a factor of 1.2–9""",https://doi.org/10.1007/s10584-023-03502-7,2021
619,519,"Central China record-breaking extreme rainfall, July 2021",Rain & flooding,"Decrease, less severe or less likely to occur","""Anthropogenic climate change contributed to [+47%] of the [decrease] in the occurrence probability of the 2021 extreme precipitation events in [central] China.""",https://doi.org/10.1029/2023EF003613,2021
620,519,"Eastern China record-breaking extreme rainfall, July 2021",Rain & flooding,More severe or more likely to occur,"""Anthropogenic climate change contributed to [+55%] of the [increase] in the occurrence probability of the 2021 extreme precipitation events in [eastern] China.""",https://doi.org/10.1029/2023EF003613,2021
621,520,"Henan extreme rainfall, July 2021",Rain & flooding,More severe or more likely to occur,"""Our results showed that the regional-average magnitude of the 48h accumulated rainfall during the [event] was increased by 5.7%…while the area of extreme rainfall (⩾500 mm) increased by 29.9%…as a result of anthropogenic climate change.""",https://doi.org/10.1088/1748-9326/acfccd,2021
622,Rapid study.  521,"Horn of Africa flooding, October-December 2023",Rain & flooding,More severe or more likely to occur,"""Due to the warming of 1.2C up till now, the magnitude of rainfall has also approximately doubled.""",https://www.worldweatherattribution.org/climate-change-indian-ocean-dipole-compounding-natural-hazards-and-high-vulnerability-increased-severity-of-flooding-in-the-horn-of-africa/,2023
623,Rapid study.  522,"Bulgaria & Turkey extreme rainfall, September 2023",Rain & flooding,More severe or more likely to occur,"""We find that human-induced climate change made an event as extreme as the one observed up to 10 times more likely and up to 40% more intense.""",https://www.worldweatherattribution.org/interplay-of-climate-change-exacerbated-rainfall-exposure-and-vulnerability-led-to-widespread-impacts-in-the-mediterranean-region/,2023
624,Rapid study.  522,"Libya extreme rainfall, September 2023",Rain & flooding,More severe or more likely to occur,"""An event as extreme as the one observed over Libya has become up to 50 times more likely and up to 50% more intense compared to a 1.2C cooler climate.""",https://www.worldweatherattribution.org/interplay-of-climate-change-exacerbated-rainfall-exposure-and-vulnerability-led-to-widespread-impacts-in-the-mediterranean-region/,2023
625,523,"Pakistan flooding, August 2022",Rain & flooding,More severe or more likely to occur,"""5-day maximum rainfall over the provinces Sindh and Balochistan is now about 75% more intense than it would have been had the climate not warmed by 1.2C, whereas the 60-day rain across the basin is now about 50% more intense.""",https://iopscience.iop.org/article/10.1088/2752-5295/acbfd5,2022
626,496,"Global concurrent rainfall extremes, 1901-2020",Rain & flooding,No discernible human influence,"""Historical anthropogenic forcing has strengthened the concurrence of temperature extremes over 56% of 946 global paired regions…but has not yet significantly affected concurrent precipitation extremes.""",https://doi.org/10.1126/sciadv.abo1638,1901-2020
627,Rapid study.  524,"Italy heavy rainfall, May 2023",Rain & flooding,No discernible human influence,"""Of the 19 models used, none of them show a significant change in the likelihood or intensity of such an event to occur. This suggests that in contrast to most parts of the world, there is indeed no detectable increase in heavy rainfall in the Emilia-Romagna region in spring.""",https://www.worldweatherattribution.org/limited-net-role-for-climate-change-in-heavy-spring-rainfall-in-emilia-romagna/,2023
628,Rapid study.  525,"Lake Kivu flooding, May 2023",Rain & flooding,Insufficient data/inconclusive,"""The scarcity of data does not allow us to draw any conclusions on the role of climate change in the floods today.""",https://www.worldweatherattribution.org/limited-data-prevent-assessment-of-role-of-climate-change-in-deadly-floods-affecting-highly-vulnerable-communities-around-lake-kivu/,2023
629,526,"Frost days in China, 1961-2017","Cold, snow & ice","Decrease, less severe or less likely to occur","""Logically, on a large scale, global warming has reduced the number of annual [frost days] and lengthened the length of the [frost-free periods].""",https://doi.org/10.1002/joc.8310,1961-2017
630,526,"Frost-free periods in China, 1961-2017","Cold, snow & ice",More severe or more likely to occur,"""Logically, on a large scale, global warming has reduced the number of annual [frost days] and lengthened the length of the [frost-free periods].""",https://doi.org/10.1002/joc.8310,1961-2017
631,527,"Cold snap in eastern China, 2022","Cold, snow & ice","Decrease, less severe or less likely to occur","""Anthropogenic forcing led to a 1.5-fold decrease in the probability of 2022-like events, with anthropogenic greenhouse gases being the primary contributors to this reduction.""",https://doi.org/10.1016/j.accre.2023.11.009,2022
632,528,"France growing-period frost, 2021","Cold, snow & ice","Decrease, less severe or less likely to occur","""We found that, without human-caused climate change, such temperatures in April or later in spring would have been even lower by 1.2 C""",https://doi.org/10.5194/nhess-23-1045-2023,2021
633,497,"Eastern China cold extremes, 1958-2020","Cold, snow & ice","Decrease, less severe or less likely to occur","""These results indicate a dominant role played by anthropogenic forcing in the extreme temperature changes.""",https://doi.org/10.1016/j.aosl.2023.100332,1958-2020
634,498,"Global cold extremes, 1981-2020","Cold, snow & ice","Decrease, less severe or less likely to occur","""Our attribution analysis revealed anthropogenic forcings are robustly detectable and the main drivers of observed changes in all indices for all regions.""",https://doi.org/10.1016/j.wace.2023.100548,1981-2020
635,529,"Storm Alex, October 2020",Storm,More severe or more likely to occur,"""These changes collectively point to high-impact storms like Alex having become more common in a changing climate.""",https://doi.org/10.1007/s00382-022-06565-x,2020
636,Rapid study.  530,"Cyclone Gabrielle extreme rainfall, February 2023",Storm,More severe or more likely to occur,"""2-day maximum rainfall over Te Matau-a-Māui/Te Tairāwhiti region is now about 30% more intense than it might have been had human greenhouse gas emissions not warmed the climate by 1.2C.""",https://www.worldweatherattribution.org/the-role-of-climate-change-in-extreme-rainfall-associated-with-cyclone-gabrielle-over-aotearoa-new-zealands-east-coast/,2023
637,531,Burned area increase over 1971-2021,Wildfire,More severe or more likely to occur,"""We show that nearly all of the observed increase in burned area over the past half-century is attributable to anthropogenic climate change.""",https://doi.org/10.1073/pnas.2213815120,1971-2021
638,Rapid study.  532,"Eastern Canada wildfires, 2023",Wildfire,More severe or more likely to occur,"""Climate change made the cumulative severity of Québec’s 2023 fire season to the end of July around 50% more intense, and seasons of this severity at least seven times more likely to occur.""",https://www.worldweatherattribution.org/climate-change-more-than-doubled-the-likelihood-of-extreme-fire-weather-conditions-in-eastern-canada/,2023
639,533,"China compound heatwave and heavy rainfall event, 2020",Compound,More severe or more likely to occur,"""[A]nthropogenic climate change has increased the occurrence probability of similar events at least 10-fold.""",https://doi.org/10.1016/j.wace.2023.100616,2020
640,534,"China summer extreme high temperature and drought/rain events (CHTDE/CHTRE), 1961-2014",Compound,More severe or more likely to occur,"""Anthropogenic climate change, especially greenhouse gas forcing, which contributes 90% to the linear change in the severity of CHTDE and CHTRE, is identified as the dominant factor affecting the severity of CHTDE in China.""",https://doi.org/10.1038/s41612-023-00413-3,1961-2014
641,535,"Global compound fire weather, 1981-2020",Compound,More severe or more likely to occur,"""[A]nthropogenic climate change (due primarily to greenhouse gas emissions) has aggravated the frequency and intensity of [compound fire weather] events, particularly in the Amazon region.""",https://doi.org/10.1029/2023EF003976,1981-2020
642,536,"Global summer compound hot and dry events, 1961-2014",Compound,More severe or more likely to occur,"""The anthropogenic influence on the intensified of compound hot and dry events on six continents and more than 65% of 44 sub-continents have been robustly detected.""",https://doi.org/10.1029/2022EF003254,1961-2014
643,537,"Deaths during Switzerland summer heatwave, 2022",Impact,More severe or more likely to occur,"""We estimate 623 deaths due to heat between June and August 2022…we find that 60% of this burden could have been avoided in absence of human-induced climate change""",https://iopscience.iop.org/article/10.1088/1748-9326/ace0d0,2022
644,538,"Human displacements from Tropical Cyclone Idai, 2019",Impact,More severe or more likely to occur,"""Our main estimates indicate that climate change has increased displacement risk from this event by approximately 12,600-14,900 additional displaced persons.""",https://doi.org/10.5194/nhess-23-3467-2023,2019
645,539,"Alaska & northern Canada February cold extremes, 2019","Cold, snow & ice","Decrease, less severe or less likely to occur","""[P]erturbed CO2 experiments illuminate increases in CO2, causing a [lower] chance for [cold] extremes. """,https://doi.org/10.1175/JCLI-D-24-0074.1,2019
646,539,"Mexico and Florida February heat extremes, 2019",Heat,More severe or more likely to occur,"""[P]erturbed CO2 experiments illuminate increases in CO2, causing a [higher] chance for [warm] extremes. """,https://doi.org/10.1175/JCLI-D-24-0074.1,2019
647,540,"Yangtze River basin extreme heat, 2022",Heat,More severe or more likely to occur,"""Anthropogenic forcing has contributed to the 2022-like heatwave by a factor about 7 compared to natural forcing under the present climate of the past 30 years""",https://doi.org/10.1016/j.wace.2024.100707,2022
648,541,"Concurrent heatwaves in northern Europe and north-east Asia, July 2018",Heat,More severe or more likely to occur,"""External forcings significantly amplify the heatwaves and contribute about 1C [surface air temperature] anomalies both in Northern Europe and north-east Asia.""",https://doi.org/10.1016/j.atmosres.2024.107506,2018
649,542,European summer heatwaves since 1979,Heat,More severe or more likely to occur,"""These findings highlight the significant impact of anthropogenic forcings on the observed surge of heatwaves in Europe compared to global land.""",https://doi.org/10.1029/2024GL108982,1979
650,543,"Eastern China seasonal extreme temperatures, 1901-2020",Heat,More severe or more likely to occur,"""The optimal fingerprinting detections suggest that the century-scale warming can be clearly attributed to anthropogenic forcing, including changes in seasonal extreme temperatures.""",https://doi.org/10.1016/j.wace.2024.100675,1901-2020
651,544,"Central Asia extreme temperature events, 1901-2019",Heat,More severe or more likely to occur,"""[T]he probability of experiencing a +7C temperature anomaly event in [central Asia] increases by up to a factor of seven in some areas due to global warming.""",https://doi.org/10.1007/s10584-024-03743-0,1901-2019
652,545,"Asia warm spell duration, 1960-2014",Heat,More severe or more likely to occur,"""[A]nthropogenic forcing contributed to the observed increase in [warm spell duration] in the three hotspot regions (west Asia, south Asia and south-east Asia), with the majority of the changes being attributed to greenhouse gas forcing.""",https://doi.org/10.1016/j.accre.2024.03.005,1960-2014
653,546,"Shanghai extreme heatwave, 2022",Heat,More severe or more likely to occur,"""We found that about 1/3 of the 2022 HW days in Shanghai can be attributed to the long-term warming trend of global warming.""",https://doi.org/10.1007/s00376-023-3007-8,2022
654,547,"Extreme heat in the Yangtze River basin, 2022",Heat,More severe or more likely to occur,"""Anthropogenic warming may increase the probability of such extensively persistent hot extreme by 1.8 times""",https://doi.org/10.1016/j.accre.2023.12.006,2022
655,548,"Greece summer heatwave, 2021",Heat,More severe or more likely to occur,"""The results reveal a contribution of the immediate anthropogenic warming due to the increased [greenhouse gas] concentrations to the [late July/early August 2021 event] intensity.""",https://doi.org/10.1002/asl.1191,2021
656,549,"Pacific north-west heatwave, 2021",Heat,More severe or more likely to occur,"""[W]e…show that human influence on the climate made this event at least 8 [2–50] times more likely.""",https://doi.org/10.1038/s41467-024-48280-7,2021
657,Rapid study.  550,"West Africa humid heat, February 2024",Heat,More severe or more likely to occur,"""Dangerous humid heat in southern west Africa about 4C hotter due to climate change""",https://www.worldweatherattribution.org/dangerous-humid-heat-in-southern-west-africa-about-4c-hotter-due-to-climate-change/,2024
658,Rapid study.  551,"Sahel heatwave, 2024",Heat,More severe or more likely to occur,"""Extreme Sahel heatwave that hit highly vulnerable population at the end of Ramadan would not have occurred without climate change""",https://www.worldweatherattribution.org/extreme-sahel-heatwave-that-hit-highly-vulnerable-population-at-the-end-of-ramadan-would-not-have-occurred-without-climate-change/,2024
659,Rapid study.  552,"West Asia heatwave, April 2024",Heat,More severe or more likely to occur,"""In west Asia, climate change increased the probability of the event by about a factor of 5""",https://www.worldweatherattribution.org/climate-change-made-the-deadly-heatwaves-that-hit-millions-of-highly-vulnerable-people-across-asia-more-frequent-and-extreme/,2024
660,Rapid study.  552,"Philippines heatwave, April 2024",Heat,More severe or more likely to occur,"""In the Philippines, the change in likelihood is so large that the event would have been impossible without human-caused climate change.""",https://www.worldweatherattribution.org/climate-change-made-the-deadly-heatwaves-that-hit-millions-of-highly-vulnerable-people-across-asia-more-frequent-and-extreme/,2024
661,Rapid study.  553,"One year of extreme heat, globally",Heat,More severe or more likely to occur,"""Over the last 12 months, human-caused climate change added an average of 26 days of extreme heat (on average, across all places in the world) than there would have been without a warmed planet.""",https://www.worldweatherattribution.org/heat-action-day-report-climate-change-and-the-escalation-of-global-extreme-heat/,
662,Rapid study.  554,"""Human-induced warming from burning fossil fuels made the 5-day maximum temperature event about 1.4C hotter and about 35 times more likely. For nighttime temperatures this is about 1.6C hotter and about 200 times more likely.""",Heat,More severe or more likely to occur,"""Human-induced warming from burning fossil fuels  made the 5-day maximum temperature event about 1.4 degrees hotter and about 35 times more likely. For nighttime temperatures this is about 1.6C hotter and about 200 times more likely.""",https://www.worldweatherattribution.org/extreme-heat-killing-more-than-100-people-in-mexico-hotter-and-much-more-likely-due-to-climate-change/,
663,Rapid study.  555,"Mediterranean heatwave, July 2024",Heat,More severe or more likely to occur,"""Deadly Mediterranean heatwave would not have occurred without human induced climate change""",https://www.worldweatherattribution.org/deadly-mediterranean-heatwave-would-not-have-occurred-without-human-induced-climate-change/,2024
664,556,Southcentral North America heat 2023,Heat,More severe or more likely to occur,"""We estimate that temperatures during the southcentral North America event were 1.18-1.42C warmer because of global warming.""",https://www.science.org/doi/10.1126/sciadv.adl3242,2023
665,557,"African heatwaves, 1980-2014",Heat,More severe or more likely to occur,"""Our results confirm the intensification of heatwaves across Africa in recent years is due anthropogenic activity """,https://iopscience.iop.org/article/10.1088/2752-5295/ad1f41,1980-2014
666,558,"July winter heat, Australia, 2023",Heat,More severe or more likely to occur,"""Approximately half of the unusual warmth was attributed to climate change, with the likelihood of breaking the previous record at least 17 times higher in the current climate compared to a stationary pre-industrial climate (14% vs. 0.4%).""",https://iopscience.iop.org/article/10.1088/2752-5295/ad7da8/meta,2023
667,559,"Afghanistan flash droughts, 1979-2021",Drought,More severe or more likely to occur,"""Additionally, anthropogenic climate change has intensified flash droughts in the spring-summer season, with a median fraction of attributable risk of 60%, 80%, and 90% for Afghanistan, Pakistan, and India, respectively.""",https://doi.org/10.1038/s43247-024-01390-y,1979-2021
668,559,"Pakistan flash droughts, 1979-2021",Drought,More severe or more likely to occur,"""Additionally, anthropogenic climate change has intensified flash droughts in the spring-summer season, with a median fraction of attributable risk of 60%, 80%, and 90% for Afghanistan, Pakistan, and India, respectively.""",https://doi.org/10.1038/s43247-024-01390-y,1979-2021
669,559,"India flash droughts, 1979-2021",Drought,More severe or more likely to occur,"""Additionally, anthropogenic climate change has intensified flash droughts in the spring-summer season, with a median fraction of attributable risk of 60%, 80%, and 90% for Afghanistan, Pakistan, and India, respectively.""",https://doi.org/10.1038/s43247-024-01390-y,1979-2021
670,560,"Yangtze River basin ""mega-flash drought"", 2022",Drought,More severe or more likely to occur,"""Our findings emphasized the role of land-atmosphere coupling combined with anthropogenic climate change in intensifying flash droughts.""",https://doi.org/10.1007/s11430-024-1356-x,2022
671,561,"Yangtze River Valley extreme summer drought, 2022",Drought,More severe or more likely to occur,"""Human forcing has increased the likelihood of drought such as in 2022 by 65 (1–90) times for [rainfall] and 1300 (90–3000) times for [temperature], respectively.""",https://doi.org/10.1175/BAMS-D-23-0258.1,2022
672,562,"Drought that lead to Australia’s ""Tinderbox"" drought, 2020",Drought,More severe or more likely to occur,"""Anthropogenic forcing intensified the rainfall deficits of the Tinderbox Drought by around 18%""",https://doi.org/10.1126/sciadv.adj3460,2020
673,563,"Western-central Europe soil drought, summer 2020",Drought,More severe or more likely to occur,"A ""soil moisture drought such as in 2022 is expected to occur once in 20 years in the present climate but would have occurred only about once per century during pre-industrial times"".",https://doi.org/10.5194/esd-15-131-2024,2020
674,564,"Iran consecutive dry days, 1967-2010",Drought,More severe or more likely to occur,"""[A]nthropogenic forcing caused an increase in the return period of a 20-year event by 1.9 years for CDD.",https://doi.org/10.22059/jesphys.2024.364541.1007559,1967-2010
675,565,Drought characteristics in China over 1960 to 2019,Drought,More severe or more likely to occur,"""Anthropogenic climate change is highlighted as the primary factor influencing the observed drought characteristics changes in China, with contribution rates of 84.67%, 75.25%, 190.32%, and 133.99% for changes in the increased drought frequency, intensity, duration, and affected area, respectively""",https://doi.org/10.3389/feart.2024.1369523,1960
676,566,"Eastern China drought, 2022",Drought,More severe or more likely to occur,"""Anthropogenic forcing increases the occurrence probability of a 2022Drought-like event by 56%""",https://doi.org/10.1016/j.aosl.2023.100390,2022
677,Rapid study.  567,"Amazon river basin drought, 2023",Drought,More severe or more likely to occur,"""The likelihood of the meteorological drought occurring has increased by a factor of 10, while the agricultural drought has become about 30 times more likely.""",https://www.worldweatherattribution.org/climate-change-not-el-nino-main-driver-of-exceptional-drought-in-highly-vulnerable-amazon-river-basin/,2023
678,Rapid study.  568,"Sicily & Sardinia drought, 2024",Drought,More severe or more likely to occur,"""This increase in drought severity is primarily driven by the very strong increase in extreme temperatures due to human-induced climate change.""",https://www.worldweatherattribution.org/climate-change-key-driver-of-extreme-drought-in-water-scarce-sicily-and-sardinia/,2024
679,Rapid study.  569,"Drought behind Panama Canal’s shipping disruption, 2023",Drought,No discernible human influence,"""With neither climate model data nor a strong physical argument to support the hypothesis, we therefore cannot conclude that the observed drying is attributable to human-caused climate change.""",https://www.worldweatherattribution.org/low-water-levels-in-panama-canal-due-to-increasing-demand-exacerbated-by-el-nino-event/,2023
680,Rapid study.  570,"Southern African drought, 2024",Drought,No discernible human influence,"""The models that passed the model evaluation do not show a significant relationship between rainfall and global warming levels with increasing global temperatures.""",https://www.worldweatherattribution.org/el-nino-key-driver-of-drought-in-highly-vulnerable-southern-african-countries/,2024
681,571,"Central South America drought, 2022",Drought,No discernible human influence,"""We cannot attribute the low rainfall to climate change""",https://doi.org/10.1007/s10584-023-03664-4,2022
682,572,"Yangtze River basin summer extreme flooding, 2020",Rain & flooding,More severe or more likely to occur,"""The [geeenhouse gas] and [aerosol] forcings contribute positively and negatively to the probability of flooding in the Yangtze River Basin, respectively.""",https://doi.org/10.1016/j.atmosres.2024.107662,2020
683,573,"Pakistan record-shattering rainfall, 2022",Rain & flooding,More severe or more likely to occur,"""[M]odel-based analysis confirms that [the trend in cross-equatorial moisture transport] is consistent with the fingerprint of anthropogenic climate warming.""",https://doi.org/10.1038/s41612-024-00630-4,2022
684,574,"Yangtze River extreme cumulative rainfall, 2020",Rain & flooding,More severe or more likely to occur,"""Our results show that anthropogenic climate change…has led to a decrease in the number of light to heavy precipitation days, while concurrently increasing the number of extreme precipitation days in the [middle and lower reaches of the Yangtze River].""",https://doi.org/10.1029/2023JD040202,2020
685,575,"UK winter rainfall extremes, 2015 & 2020",Rain & flooding,More severe or more likely to occur,"""[F]or all five events we found a significant climate signal in the extreme regional rainfall totals immediately preceding the flooding.""",https://doi.org/10.1002/joc.8460,2015
686,544,"Central Asia extreme rainfall events, 1901-2019",Rain & flooding,More severe or more likely to occur,"""[W]e observed that heavy precipitation events…have become more frequent in the observed climate, indicating that global warming is already modifying the hydrological cycle in Central Asia.""",https://doi.org/10.1007/s10584-024-03743-0,1901-2019
687,576,"Zhengzhou ""extraordinary rainstorm"", July 2021",Rain & flooding,More severe or more likely to occur,"""The attribution analysis shows that climate change due to anthropogenic forcings such as greenhouse gas emissions increased the risk of such a rainstorm event by 12%.""",https://doi.org/10.1002/joc.8386,2021
688,577,"Heavy rainfall leading to record-breaking levels in Lake Victoria, 2020",Rain & flooding,More severe or more likely to occur,"""The best estimate is that the event has become more likely by a factor of 1.8 in the current climate compared to a pre-industrial climate and that in the absence of anthropogenic climate change an event with the same return period would have led lake levels to rise by 7 cm less than observed""",https://doi.org/10.5194/esd-15-225-2024,2020
689,578,"China shift from light to heavy precipitation, 1961-2014",Rain & flooding,More severe or more likely to occur,"""Attribution results suggest that the observed shift from light to heavy precipitation is predominantly a result of the combined influence of [greenhouse gas] and [aerosol] forcing.""",https://doi.org/10.1007/s00382-024-07368-y,1961-2014
690,Rapid study.  579,"Ireland extreme rainfall, October 2023",Rain & flooding,More severe or more likely to occur,"""2-day October rainfall at least as high as occurred on 17-18th October 2023 has more than doubled in likelihood and increased in intensity by around 13% due to global warming since pre-industrial levels.""",https://www.worldweatherattribution.org/climate-change-made-the-extreme-rainfall-associated-with-flooding-in-midleton-ireland-more-likely-and-more-intense/,2023
691,Rapid study.  580,"East Africa, heavy rainfall, 2024",Rain & flooding,More severe or more likely to occur,"""On average, an event like this has become about twice as likely and 5% more intense in today’s climate, representing the effect of 1.2C of global warming.""",https://www.worldweatherattribution.org/urban-planning-at-the-heart-of-increasingly-severe-east-african-flood-impacts-in-a-warming-world/,2024
692,Rapid study.  581,"Southern Brazil heavy rainfall, 2024",Rain & flooding,More severe or more likely to occur,"""[We] assess changes in the likelihood and intensity for the 10-day and 4-day heavy rainfall over Rio Grande do Sul and find an increase in likelihood for both events of more than a factor of 2 and intensity increase of 6-9% due to the burning of fossil fuels.""",https://www.worldweatherattribution.org/climate-change-made-the-floods-in-southern-brazil-twice-as-likely/,2024
693,Rapid study.  582,"Heavy rainfall behind Kerala landslide, July 2024",Rain & flooding,More severe or more likely to occur,"""The available climate models indicate a 10% increase in intensity.""",https://www.worldweatherattribution.org/landslide-triggering-rainfall-made-more-intense-by-human-induced-climate-change-devastating-highly-vulnerable-communities-in-northern-kerala/,2024
694,Rapid study.  583,"Central Europe heavy rainfall, September 2024",Rain & flooding,More severe or more likely to occur,"""When looking at the regional-scale described above, heavy four-day rainfall events have become about twice as likely and 10% more intense since the pre-industrial era.""",https://www.worldweatherattribution.org/climate-change-and-high-exposure-increased-costs-and-disruption-to-lives-and-livelihoods-from-flooding-associated-with-exceptionally-heavy-rainfall-in-central-europe/,2024
695,584,"US extreme rainfall trends, 1900-2020",Rain & flooding,More severe or more likely to occur,"""[Greenhouse gas] emissions increase mean and extreme precipitation from rain gauge measurements across all seasons.""",https://www.nature.com/articles/s41467-024-45504-8,1900-2020
696,564,"Iran extreme rainfall, 1967-2010",Rain & flooding,No discernible human influence,"""Although human-induced forcing factors presented marked trends in some cases, their effects were not generally detected and attributed to the change in the observations.""",https://doi.org/10.22059/jesphys.2024.364541.1007559,1967-2010
697,Rapid study.  585,"Afghanistan, Pakistan & Iran deadly flooding, April-May 2024",Rain & flooding,No discernible human influence,"""We can not attribute the observed increase, which is also not consistent across observation-based products, to human-induced climate change.""",https://www.worldweatherattribution.org/increasing-april-may-rainfall-el-nino-and-high-vulnerability-behind-deadly-flooding-in-afghanistan-pakistan-and-iran/,2024
698,Rapid study.  586,"UAE and Oman heavy rainfall, 2024",Rain & flooding,Insufficient data/inconclusive,"""The disagreement between model results and observations prevents us from concluding with certainty that human-induced climate change is the main driver making this event more likely.""",https://www.worldweatherattribution.org/heavy-precipitation-hitting-vulnerable-communities-in-the-uae-and-oman-becoming-an-increasing-threat-as-the-climate-warms/,2024
699,Rapid study.  587,"Philippines heavy rainfall, 2024",Rain & flooding,Insufficient data/inconclusive,"""Given that the trend in the observations is large, there is probably an aspect of the atmospheric circulation that is systematically misrepresented by the models. This prevents us…draw[ing] an overarching attribution conclusion that quantifies the influence of climate change on this event.""",https://www.worldweatherattribution.org/reducing-vulnerability-and-improved-land-management-needed-with-increasing-heavy-rainfall-in-mindanao-island-southern-philippines-2/,2024
700,595,"Extreme rainfall in north of Beijing-Tianjin-Hebei region, 2023",Rain & flooding,"Decrease, less severe or less likely to occur","""[A]nthropogenic warming [decreased] precipitation in the [northern] sub-region of the Beijing-Tianjin-Hebei area.""",https://doi.org/10.1038/s41612-024-00584-7,2023
701,595,"Extreme rainfall in south of Beijing-Tianjin-Hebei region, 2023",Rain & flooding,More severe or more likely to occur,"""[A]nthropogenic warming [increased] precipitation in the [southern] sub-region of the Beijing-Tianjin-Hebei area.""",https://doi.org/10.1038/s41612-024-00584-7,2023
702,588,"Extremely low Arctic sea ice, September 2020","Cold, snow & ice","Decrease, less severe or less likely to occur","""Further analysis reveals that human influence including [greenhouse gas] forcing has substantially increased the probability of occurrence of the 2020-like extreme events.""",https://doi.org/10.1016/j.wace.2024.100674,2020
703,545,"Asia cold spell duration, 1960-2014","Cold, snow & ice","Decrease, less severe or less likely to occur","""However, a generally weak [anthropogenic] signal can be observed in the decreasing trend of [cold spell duration] and can be detected in south and south-east Asia.""",https://doi.org/10.1016/j.accre.2024.03.005,1960-2014
704,Rapid study.  589,"Scandinavia cold snap, January 2024","Cold, snow & ice","Decrease, less severe or less likely to occur","""We find that because of human-induced climate change the area-averaged event would have been about 4C colder in a 1.2C cooler climate. This corresponds to such cold spells having become about 5 times less frequent.""",https://www.worldweatherattribution.org/extreme-cold-will-still-occur-in-northern-europe-although-less-often-risking-decreasing-preparedness-and-higher-vulnerability/,2024
705,590,"Eurasia intense snowfall, 1980-2014","Cold, snow & ice",No discernible human influence,"""[H]uman influence detections fail for intense snowfall, and it is hard to detect on regional scales, except for north Asia.""",https://doi.org/10.1016/j.atmosres.2023.107125,1980-2014
706,591,"Arctic marine heatwave, 2020",Oceans,More severe or more likely to occur,"The event ""would be exceptionally unlikely in the absence of greenhouse gas forcing in terms of both intensity and duration"".",https://doi.org/10.1038/s43247-024-01215-y,2020
707,592,"Global record-high sea surface temperatures, 2023",Oceans,More severe or more likely to occur,"""Further analyses show that the record-high SSTs are attributed to a long-term-warming trend associated with increasing greenhouse gases [and other natural factors].""",https://doi.org/10.1029/2024GL108369,2023
708,593,"Ocean heat, July 2023",Oceans,More severe or more likely to occur,"""Their temperatures were consistently made at least four times as likely to occur in our human-influenced climate than in a world without climate change.""",https://iopscience.iop.org/article/10.1088/2752-5295/ad4815,2023
709,594,"Storm Eunice, February 2022",Storm,More severe or more likely to occur,"""Our results robustly indicate that Eunice has become more intense with climate change and similar storms will continue to intensify with further anthropogenic forcing.""",https://doi.org/10.1088/2752-5295/ad4200,2022
710,595,"Typhoon Doksuri hitting Beijing-Tianjin-Hebei region, 2023",Storm,More severe or more likely to occur,"""[A]nthropogenic warming not only subtly altered the track of the remnant of Typhoon Doksuri, but also markedly amplified its intensity.""",https://doi.org/10.1038/s41612-024-00584-7,2023
711,Rapid study.  596,"Storm Bettina heavy rainfall, November 2023",Storm,More severe or more likely to occur,"""The burning of fossil fuels has increased the likelihood of its occurrence by about a factor of 2. The intensity of an event like this has increased by about 5% due to human-induced climate change.""",https://www.worldweatherattribution.org/climate-change-increased-heavy-precipitation-associated-with-impactful-storm-bettina-over-black-sea/,2023
712,Rapid study.  597,"Typhoon Gaemi, 2024",Storm,More severe or more likely to occur,"""Climate change increased Typhoon Gaemi’s wind speeds and rainfall, with devastating impacts across the western Pacific region.""",https://www.worldweatherattribution.org/climate-change-increased-typhoon-gaemis-wind-speeds-and-rainfall/,2024
713,Rapid study.  598,"UK and Ireland winter storm rainfall, 2024",Storm,More severe or more likely to occur,""" Autumn and winter storm rainfall in the UK and Ireland was made about 20% heavier by human-caused climate change.""",https://www.worldweatherattribution.org/autumn-and-winter-storms-over-uk-and-ireland-are-becoming-wetter-due-to-climate-change/,2024
714,Rapid study.  600,"Hurricane Beryl, 2024",Storm,More severe or more likely to occur,"""Hurricane Beryl’s extreme winds in Jamaica were nearly twice as likely due to climate change  """,https://www.imperial.ac.uk/grantham/research/climate-science/modelling-tropical-cyclones/hurricane-beryl-iris-attribution-analysis/,2024
715,Rapid study.  601,"Typhoon Gaemi, 2024",Storm,More severe or more likely to occur,"""Typhoon Gaemi’s extreme winds increased 50% by climate change""",https://www.imperial.ac.uk/grantham/research/climate-science/modelling-tropical-cyclones/typhoon-gaemi-iris-attribution-analysis/,2024
716,Rapid study.  602,"Typhoon Shanshan, 2024",Storm,More severe or more likely to occur,"""Typhoon Shanshan made 7.5% more intense and 26% more likely by climate change""",https://www.imperial.ac.uk/grantham/research/climate-science/modelling-tropical-cyclones/typhoon-shanshan-iris-attribution-analysis/,2024
717,603,"Canada high fire weather, June 2023",Wildfire,More severe or more likely to occur,"""The fire weather conditions in Canada during June 2023 were 2.9–3.6 times more likely due to anthropogenic forcing.""",https://doi.org/10.5194/essd-16-3601-2024,2023
718,603,"Greece high fire weather, June 2023",Wildfire,More severe or more likely to occur,"""The high fire weather conditions experienced during the peak anomaly in BA in August 2023 were 1.9–4.1 times more likely due to anthropogenic forcing.""",https://doi.org/10.5194/essd-16-3601-2024,2023
719,603,"Western Amazonia high fire weather, September-October 2023",Wildfire,More severe or more likely to occur,"""High fire weather in western Amazonia during September-October 2023 was 20.0–28.5 times more likely due to anthropogenic forcing.""",https://doi.org/10.5194/essd-16-3601-2024,2023
720,Rapid study.  604,"Heat contributing to south-central Chile's 'exceptional' fire seasons, 2017 & 2023",Wildfire,More severe or more likely to occur,"""Our findings further reveal that climate change has increased the probability and intensity of extremely warm temperatures in south-central Chile.""",https://doi.org/10.1016/j.wace.2024.100716,2017
721,Rapid study.  605,"Brazilian Pantanal wildfires, 2024",Wildfire,More severe or more likely to occur,"""Hot, dry and windy conditions that drove devastating Pantanal wildfires 40% more intense due to climate change.""",https://www.worldweatherattribution.org/hot-dry-and-windy-conditions-that-drove-devastating-pantanal-wildfires-40-more-intense-due-to-climate-change/,2024
722,Rapid study.  606,"Chile wildfires, February 2024",Wildfire,No discernible human influence,"""We find that overall, there is a small increase in the hot dry windy index in the observations and some models, but it is not significant.""",https://www.worldweatherattribution.org/despite-known-coastal-cooling-trend-risk-of-deadly-wildfires-in-central-chile-increasing-with-changing-land-management-in-a-warming-climate/,2024
723,607,"China hot-dry events, 1979-2014",Compound,More severe or more likely to occur,"""Over the past 40 years, anthropogenic activities have increased hot-dry events by 2.34 timess.""",https://doi.org/10.1038/s43247-024-01625-y,1979-2014
724,608,"Austria compound heatwaves, September-October 2023",Compound,More severe or more likely to occur,"""This illustrates what an extraordinary event the sequence of the months September and October 2023 in Vienna was, and that this was only made possible by anthropogenic climate change.""",https://doi.org/10.1038/s41598-024-54822-2,2023
725,609,Global increase in compound hot-dry and hot-wet extremes,Compound,More severe or more likely to occur,"""Compound hot-dry (CHD) and compound hot-wet (CHW) extremes have both intensified under global warming…Our investigation further reveals that anthropogenic climate change predominantly drives the increase in both types of compound extremes.""",https://doi.org/10.1088/1748-9326/ad7617,
726,610,"Yangtze River valley ""unprecedented"" drought & heat event, 2022",Compound,More severe or more likely to occur,"""Anthropogenic influence had increased the probability of such [compound heatwave and drought event] by more than 10 times compared to the counterfactual climate""",https://doi.org/10.1038/s41612-024-00720-3,2022
727,611,"Global successive runoff-heat extreme events, 1950-2014",Compound,More severe or more likely to occur,"""Results indicate that [anthropogenic climate change] exacerbates [successive runoff-heat extreme] occurrence for most global regions, especially in the southern hemisphere (> 60 % increase in probability).""",https://doi.org/10.1016/j.jhydrol.2024.131779,1950-2014
728,612,"Southern China extremely hot & dry summer, 2020",Compound,More severe or more likely to occur,"""Anthropogenic forcings doubled (increased by 27%) the probability of precipitation deficits, and increased occurrence more than times for both [surface air temperature] anomaly (50 times probability higher) and [number of hot days anomaly (6 times probability higher).""",https://doi.org/10.1016/j.wace.2024.100706,2020
729,613,"Tibetan Plateau drought & heat event, 2022",Compound,More severe or more likely to occur,"""Without anthropogenically induced global warming, a comparable compound hot and dry event akin to that observed in 2022 on the Tibetan Plateau would not be possible.""",https://doi.org/10.1007/s11430-023-1320-y,2022
730,614,"China growing season hot and dry events, mid 1990s",Compound,More severe or more likely to occur,"""Anthropogenic forcing changes can explain 60%–70% of the observed decadal changes.""",https://doi.org/10.1007/s00376-023-2319-z,
731,607,"China hot-wet events, 1979-2014",Compound,"Decrease, less severe or less likely to occur","""Over the past 40 years, anthropogenic activities have…decreased hot-wet events by 0.63 times.""",https://doi.org/10.1038/s43247-024-01625-y,1979-2014
732,615,"Heat extremes behind bleaching of the Great Barrier Reef, 2017, 2020 & 2024",Impact,More severe or more likely to occur,"""Climate model analysis confirms that human influence on the climate system is responsible for the rapid warming in recent decades.""",https://doi.org/10.1038/s41586-024-07672-x,2017
733,616,"Heat-related neonatal deaths in low- and middle-income countries, 2001-19",Impact,More severe or more likely to occur,"""Climate change was responsible for 32% (range: 19-79%) of heat-related neonatal deaths""",https://www.nature.com/articles/s41467-024-49890-x,2001-19
734,617,"Hospitalisations in China due to heat, 2000-19",Impact,More severe or more likely to occur,"""In the 2010s, the heat-related attributable fractions for specific causes of injury ranged from 12.4% to 54.4%, with human-induced change accounting for 6.7% to 10.6% of the burden.""",https://ehp.niehs.nih.gov/doi/10.1289/EHP14057,2000-19
